"ANO";"NIVEL";"CODMUNRES";"TN";"TNRC";"TNRCR";"TGI_15";"TGI_15_19";"TGI_20_24";"TGI_25_29";"TGI_30_34";"TGI_35_39";"TGI_40_44";"TGI_45_49";"TGI_50";"TGIF";"IM_P25";"IM_P50";"IM_P75";"IM_MD";"IM_DP";"EM_S";"EM_FI";"EM_FII";"EM_M";"EM_SI";"EM_SC";"TGRC_B";"TGRC_PT";"TGRC_A";"TGRC_PD";"TGRC_I";"TGSC";"TGCC";"TGPRI";"TGNPRI";"TGU";"TGG";"TGD_22";"TGD_22_27";"TGD_28_31";"TGD_32_36";"TGD_37_41";"TGD_42";"TGD_PRT";"TGD_AT";"TGD_PST";"DG_P25";"DG_P50";"DG_P75";"DG_MD";"DG_DP";"TKC_NR";"TKC_ID";"TKC_IT";"TKC_AD";"TKC_MAD";"TGPRG_S";"TGPRG_N";"TPV";"TPC";"TRAP_C";"TRAP_P";"TRAP_T";"TGROB_1";"TGROB_2";"TGROB_3";"TGROB_4";"TGROB_5";"TGROB_6";"TGROB_7";"TGROB_8";"TGROB_9";"TGROB_10";"TNLOC_H";"TNLOC_ES";"TNLOC_D";"TNLOC_O";"TNLOC_AI";"TRS_M";"TRS_F";"TRRC_B";"TRRC_PT";"TRRC_A";"TRRC_PD";"TRRC_I";"TRP_BP";"TRP_N";"TRP_M";"PESO_P25";"PESO_P50";"PESO_P75";"PESO_MD";"PESO_DP";"TRPIG_P";"TRPIG_A";"TRPIG_G";"TRAPG5_B";"TRAPG5_N";"APG5_MD";"APG5_DP";"TRAC";"TRSAC"
2016;"UF";43;141411;0;133964;765;18968;32101;33428;32187;19125;4550;272;14;140631;22;27;33;27,4467859415883;6,75306815326476;232;4312;42639;61034;9916;22951;116961;9682;153;13215;670;0;0;60560;80851;137963;3425;24;688;1341;14454;122652;1586;16507;122652;1586;38;39;39;38,3187395644606;2,09886454255111;1273;26570;7554;8325;94037;41524;99887;53716;87667;133319;6954;373;16944;32949;16881;18425;32296;2920;3147;3322;373;12851;140865;63;333;148;0;72697;68707;116973;9682;153;13215;670;13281;120936;7190;2890;3210;3525;3172,6817979308;566,832799933908;8401;114677;13776;1463;138685;9,33608756457459;0,861040148322552;1260;139147
2016;"MUNICIPIO";430003;49;0;49;0;6;19;12;7;2;3;0;0;49;21;24;29;25,7551020408163;6,1391184636073;0;5;17;23;1;3;41;4;0;4;0;0;0;18;31;47;2;0;0;0;1;48;0;1;48;0;39;39;40;39,0204081632653;1,18127395775294;0;7;3;4;35;12;37;17;32;47;2;0;13;3;7;7;14;0;2;2;0;1;49;0;0;0;0;23;26;41;4;0;4;0;1;42;6;3180;3440;3620;3422,34693877551;437,61201190002;2;37;8;1;48;9,77551020408163;0,770965469461532;1;48
2016;"MUNICIPIO";430005;43;0;40;1;4;11;9;10;4;2;2;0;42;22;28;32,5;27,7209302325581;7,83558908167863;0;1;13;21;1;7;37;0;0;0;6;0;0;11;32;41;2;0;1;0;7;35;0;8;35;0;37;38;39;37,7441860465116;2,87926101014871;0;7;3;2;31;43;0;15;28;36;4;0;5;4;4;4;12;1;3;2;0;5;43;0;0;0;0;18;25;37;0;0;0;6;2;38;3;2855;3285;3477,5;3183,41860465116;610,501052319913;2;35;4;2;41;9,58139534883721;0,905868647566808;2;41
2016;"MUNICIPIO";430010;165;0;156;1;18;33;38;42;26;7;0;0;164;23;28;34;28,3636363636364;6,7091954636455;0;12;76;48;5;24;132;8;0;23;0;0;0;60;105;159;6;0;1;4;15;141;4;20;141;4;37;38;39;38,0727272727273;2,48302440575129;1;38;17;14;89;159;6;56;109;155;10;0;16;34;23;25;36;2;6;6;0;17;165;0;0;0;0;82;83;132;8;0;23;0;18;142;5;2890;3210;3500;3126,24242424242;605,972662503354;7;140;10;2;163;9,64848484848485;1,02888798962563;2;161
2016;"MUNICIPIO";430020;78;0;78;0;4;16;26;20;8;4;0;0;78;24,25;28;32,75;28,4358974358974;6,07654580534113;0;1;18;39;5;15;72;1;0;5;0;0;0;30;48;74;4;0;0;0;5;72;1;5;72;1;38;39;39;38,3974358974359;1,56536990848264;0;8;3;0;67;32;46;20;58;74;3;1;12;13;8;6;27;2;0;4;1;5;78;0;0;0;0;38;40;72;1;0;5;0;9;68;1;2850;3122,5;3530;3134,80769230769;541,061632173443;3;66;5;0;78;9,32051282051282;0,729589632808082;0;78
2016;"MUNICIPIO";430030;57;0;57;0;11;3;19;17;5;2;0;0;57;25;28;31;27,5964912280702;6,7872244724998;0;2;21;28;3;3;50;0;0;7;0;0;0;19;38;55;2;0;0;0;2;55;0;2;55;0;38;39;39;38,6140350877193;1,48509723064221;0;5;2;5;45;57;0;14;43;57;0;0;6;11;6;9;21;0;0;2;0;2;57;0;0;0;0;31;26;50;0;0;7;0;3;49;5;3095;3420;3690;3352,64912280702;530,606475487789;3;43;9;1;56;9,33333333333333;0,852168103246347;0;57
2016;"MUNICIPIO";430040;858;0;856;3;128;198;204;185;111;29;0;0;855;22;27;33;27,1375291375291;6,73985443178811;1;26;209;449;66;107;564;86;0;208;0;0;0;379;479;845;13;0;9;10;108;731;0;127;731;0;37;38;39;37,7342657342657;2,23721900510302;9;214;23;23;589;4;854;117;741;809;45;4;98;200;50;108;241;22;20;12;4;103;856;1;1;0;0;450;408;564;86;0;208;0;87;729;42;2850;3180;3500;3134,82983682984;604,760563009832;35;713;97;5;852;8,89614935822637;0,723243354361916;9;848
2016;"MUNICIPIO";430045;38;0;36;0;9;8;8;7;5;1;0;0;38;20,5;27;30,75;26,4473684210526;7,07373279042453;0;1;12;19;4;2;36;0;0;2;0;0;0;15;23;36;2;0;1;0;7;30;0;8;30;0;37;38,5;40;37,9210526315789;2,77422089328204;1;2;1;1;33;38;0;2;36;38;0;0;3;11;1;1;14;0;0;2;0;6;38;0;0;0;0;16;22;36;0;0;2;0;5;31;2;2847,5;3230;3557,5;3125,52631578947;626,555134945521;4;28;4;0;38;9,13157894736842;0,528693066404059;1;37
2016;"MUNICIPIO";430047;22;0;20;0;1;7;5;6;3;0;0;0;22;23,25;28;32,5;27,7727272727273;6,11735873740276;0;0;5;10;2;5;20;1;0;1;0;0;0;7;15;22;0;0;0;0;3;19;0;3;19;0;37,25;38;39;38,0909090909091;1,1916012000302;0;2;0;2;17;22;0;8;14;22;0;0;0;6;3;3;7;0;0;0;0;3;22;0;0;0;0;10;12;20;1;0;1;0;2;20;0;2781,25;3092,5;3412,5;3088,40909090909;418,868618916982;3;18;1;0;21;9,71428571428571;0,560611910581388;0;21
2016;"MUNICIPIO";430050;72;0;70;1;6;19;22;10;10;4;0;0;71;22,75;28;32;27,4722222222222;6,66918966343162;0;2;31;26;3;10;70;0;0;2;0;0;0;35;37;72;0;0;0;0;8;63;1;8;63;1;38;39;39;38,4861111111111;1,44371445379623;0;6;1;4;60;12;60;20;52;71;0;0;24;7;22;3;7;0;0;0;0;8;72;0;0;0;0;42;30;70;0;0;2;0;2;62;8;3100;3255;3607,5;3314,23611111111;456,275228684863;3;58;11;0;72;9,94444444444444;0,285266808093208;0;72
2016;"MUNICIPIO";430055;15;0;15;0;0;5;4;1;5;0;0;0;15;23;28;36;29,4666666666667;7,17999867356401;0;0;1;5;0;9;14;0;0;1;0;0;0;7;8;13;2;0;0;0;2;13;0;2;13;0;37,5;38;39;38,0666666666667;1,53374735611213;0;1;0;2;12;15;0;0;15;3;12;0;1;1;0;0;0;3;8;2;0;0;15;0;0;0;0;6;9;14;0;0;1;0;4;11;0;2532,5;2715;2845;2718,66666666667;458,380170766997;2;11;0;0;15;9,6;0,632455532033676;0;15
2016;"MUNICIPIO";430057;32;0;32;0;6;4;9;7;5;1;0;0;32;24;28,5;32,25;27,8125;6,78441049807952;0;0;12;13;1;6;30;0;0;2;0;0;0;14;18;32;0;0;0;0;3;28;1;3;28;1;38;39;39;38,4375;1,54371775792372;0;6;2;1;23;32;0;4;28;31;1;0;3;7;1;4;13;1;0;0;0;3;32;0;0;0;0;21;11;30;0;0;2;0;1;30;1;2911,25;3225;3523,75;3168,90625;459,115092702009;1;30;1;0;32;9,78125;0,490843579315079;1;31
2016;"MUNICIPIO";430060;3330;0;3301;23;561;953;758;594;352;79;10;0;3307;21;25;31;26,1192192192192;6,67855411009695;6;109;1414;1483;139;178;2153;502;0;675;0;0;0;1252;2078;3256;73;0;19;37;350;2918;6;406;2918;6;38;39;40;38,3915915915916;2,18197128020451;98;1186;170;176;1690;972;2358;2048;1281;3179;141;9;462;601;712;433;608;44;71;72;9;316;3314;0;14;2;0;1698;1632;2153;502;0;675;0;330;2814;186;2890;3210;3535;3175,4987987988;576,453067412401;206;2735;315;36;3282;9,32308619650392;0,882901525205427;42;3286
2016;"MUNICIPIO";430063;55;0;52;0;5;15;15;14;4;2;0;0;55;22;27;31;27,2363636363636;6,36240007231035;0;3;18;26;0;8;36;9;0;10;0;0;0;23;32;51;4;0;0;0;6;48;0;6;48;0;37;38;39,75;38,2962962962963;1,70049526225954;1;6;3;3;40;52;3;19;36;51;4;0;15;7;4;6;12;0;3;4;0;3;52;0;2;1;0;30;25;36;9;0;10;0;5;49;1;2810;3240;3460;3126,81818181818;495,417298510356;4;43;3;1;53;9,33333333333333;0,752354793863279;1;53
2016;"MUNICIPIO";430064;69;0;65;0;11;8;17;20;9;4;0;0;69;24;29;34;28,3623188405797;7,05851803828861;1;5;35;16;2;10;66;0;0;2;0;0;0;30;39;67;2;0;0;1;7;61;0;8;61;0;38;38;39;38,231884057971;1,69032652202633;0;13;2;5;48;69;0;11;58;66;3;0;3;20;6;8;22;1;2;2;0;5;69;0;0;0;0;39;30;66;0;0;2;0;10;55;4;2740;3100;3320;3042,04347826087;521,482514364311;10;53;4;0;68;9,47058823529412;0,742536761948256;0;69
2016;"MUNICIPIO";430066;11;0;11;0;0;2;5;0;4;0;0;0;11;25;28;35,5;29,3636363636364;6,07079446650481;0;1;3;5;1;1;10;0;0;1;0;0;0;2;9;9;2;0;0;2;0;9;0;2;9;0;37,5;39;40;37,5454545454545;3,90803368367358;0;0;0;1;10;11;0;0;11;11;0;0;1;1;2;1;4;0;0;2;0;0;11;0;0;0;0;4;7;10;0;0;1;0;2;6;3;2857,5;3440;3855;3210,45454545455;1137,87181735346;0;6;3;0;11;9,36363636363636;1,02691063610494;0;11
2016;"MUNICIPIO";430070;59;0;57;1;5;12;15;16;8;2;0;0;58;24;29;32;28,2881355932203;6,35732227152723;0;1;15;35;1;7;58;0;0;1;0;0;0;29;30;59;0;0;0;2;12;43;2;14;43;2;37;39;40;38,1016949152542;2,82046043718616;0;9;2;1;46;30;29;7;52;50;8;0;8;10;1;4;13;4;4;0;0;14;59;0;0;0;0;35;24;58;0;0;1;0;8;51;0;2955;3265;3497,5;3110,08474576271;584,040246845806;3;52;2;1;58;9,59322033898305;0,697746225673248;0;59
2016;"MUNICIPIO";430080;137;0;135;0;15;33;26;27;32;4;0;0;137;21;28;35;28,2335766423358;6,97080336930888;0;5;42;63;4;23;112;6;0;19;0;0;0;67;70;130;7;0;0;0;22;107;8;22;107;8;37;38;39;38,2189781021898;2,14789681147681;0;19;2;3;111;59;78;9;128;129;8;0;2;50;3;10;46;2;2;7;0;15;137;0;0;0;0;70;67;112;6;0;19;0;17;116;4;2880;3130;3440;3084,22627737226;551,350734329427;11;104;11;1;136;9,1970802919708;0,673439547686464;1;136
2016;"MUNICIPIO";430085;42;0;42;2;7;14;9;3;6;1;0;0;40;20;23,5;29;25,2380952380952;7,04968265609766;0;4;13;22;2;1;29;9;1;3;0;0;0;16;26;42;0;0;0;0;3;39;0;3;39;0;38;39;40;38,8333333333333;1,6515575304611;0;11;1;0;30;42;0;18;24;39;3;0;3;11;5;4;14;2;1;0;0;2;42;0;0;0;0;18;24;29;9;1;3;0;3;37;2;2940;3100;3421,25;3189,64285714286;511,654886614518;1;39;2;0;42;9,26190476190476;0,700505873289694;0;42
2016;"MUNICIPIO";430087;95;0;94;2;14;18;29;20;11;1;0;0;93;22;27;31,5;26,7052631578947;6,39293773280666;0;2;41;39;7;6;86;0;0;9;0;0;0;39;56;95;0;0;0;2;4;88;1;6;88;1;38;39;39;38,5473684210526;1,69334379671872;0;28;6;13;47;95;0;48;47;92;3;0;13;23;18;7;25;0;3;0;0;6;95;0;0;0;0;50;45;86;0;0;9;0;5;87;3;2887,5;3170;3477,5;3187,47368421053;484,762978760453;5;82;8;1;94;9,28421052631579;1,09799777055481;2;93
2016;"MUNICIPIO";430090;46;0;45;0;8;7;13;11;6;1;0;0;46;23,25;27;31,75;27,4130434782609;6,39644375834129;0;0;4;29;2;11;43;0;0;3;0;0;0;21;25;46;0;0;0;0;3;42;1;3;42;1;38;38;39;38,2826086956522;1,52989532653215;0;8;5;3;29;20;26;8;38;41;5;0;7;10;5;0;16;2;3;0;0;3;46;0;0;0;0;25;21;43;0;0;3;0;1;42;3;3105;3360;3636,25;3367,60869565217;461,093795146611;3;35;8;1;45;9,52173913043478;0,781426912336446;0;46
2016;"MUNICIPIO";430100;257;0;254;0;21;43;67;77;45;4;0;0;257;25;29;33;28,6108949416342;5,95657773697077;0;4;63;112;25;53;223;12;0;22;0;0;0;126;131;257;0;0;0;2;19;236;0;21;236;0;38;38;39;38,15953307393;1,32059873963608;0;23;8;16;207;57;200;32;225;246;11;0;17;94;10;21;86;7;4;0;0;18;257;0;0;0;0;133;124;223;12;0;22;0;19;227;11;2975;3260;3515;3227,00389105058;461,15934490266;13;219;25;0;257;9,64980544747082;0,668728067024601;1;256
2016;"MUNICIPIO";430105;113;0;113;1;19;28;23;27;13;1;1;0;112;21;26;32;26,7433628318584;6,88136557391195;0;1;34;58;10;10;102;5;0;6;0;0;0;38;75;111;2;0;0;1;7;104;1;8;104;1;38;39;40;39,0088495575221;1,72427818863658;1;22;17;18;55;110;3;33;80;111;2;0;9;29;10;23;34;0;1;2;0;5;109;1;0;3;0;57;56;102;5;0;6;0;8;93;12;3020;3270;3760;3329,21238938053;583,575577357372;6;85;20;1;112;9,16814159292035;0,742854711656043;3;110
2016;"MUNICIPIO";430107;19;0;13;0;1;6;9;1;0;2;0;0;19;21,5;26;28;26,6315789473684;6,70166253266713;0;0;9;8;0;2;16;0;0;2;0;0;0;12;7;19;0;0;0;0;1;18;0;1;18;0;38;40;41;39,2631578947368;1,69450436093855;0;3;0;1;11;19;0;7;12;18;1;0;6;6;1;1;3;0;1;0;0;1;19;0;0;0;0;11;8;16;0;0;2;0;1;16;2;3180;3310;3620;3394,73684210526;471,968318393567;0;17;2;1;18;9,21052631578947;1,18222705886536;0;17
2016;"MUNICIPIO";430110;175;0;172;1;28;41;45;36;19;5;0;0;174;21;26;31,5;26,64;6,64031573823476;0;4;64;77;9;20;145;14;0;16;0;0;0;70;105;171;4;0;1;0;17;154;2;18;154;2;37,25;39;40;38,4655172413793;1,99897821217856;0;35;6;4;129;174;1;83;92;168;6;0;17;43;27;31;34;2;3;4;0;12;175;0;0;0;0;91;84;145;14;0;16;0;15;150;10;2920;3235;3535;3219,04;568,629855164067;7;145;17;2;173;9,42857142857143;0,798191716582151;2;172
2016;"MUNICIPIO";430120;138;0;136;0;30;28;29;25;22;4;0;0;138;20;26;33;26,6811594202899;7,19284468790524;0;3;67;47;3;18;123;2;1;12;0;0;0;73;65;137;1;0;0;2;24;107;5;26;107;5;37;38;39;37,731884057971;2,06302115317079;0;17;4;6;110;25;113;28;110;128;10;0;10;48;4;13;27;3;6;1;0;26;138;0;0;0;0;73;65;123;2;1;12;0;9;122;7;2865;3127,5;3343,75;3100,14492753623;476,30441027924;8;112;16;1;136;9,72262773722628;0,863729320066557;1;136
2016;"MUNICIPIO";430130;219;0;188;1;41;55;46;53;19;4;0;0;218;20;26;31;25,9223744292237;6,39225461843207;0;7;99;79;10;22;183;11;0;21;0;0;0;98;121;216;3;0;0;2;24;175;12;26;175;12;38;39;40;38,5680751173709;2,11270071146331;3;52;11;8;134;97;122;64;155;208;10;1;37;44;38;12;48;5;4;3;1;21;219;0;0;0;0;111;108;183;11;0;21;0;17;184;18;2945;3350;3710;3308,69863013699;538,269415632594;11;153;40;17;202;8,91780821917808;1,2895496474842;1;212
2016;"MUNICIPIO";430140;117;0;115;2;13;32;31;15;19;5;0;0;115;22;26;33;27,2222222222222;6,89966404868196;0;6;41;46;4;20;112;2;0;3;0;0;0;65;52;111;6;0;0;2;20;90;5;22;90;5;37;38;39;37,7777777777778;2,25568672589169;0;12;3;8;93;112;5;18;99;106;10;0;12;30;2;15;26;7;2;6;0;16;117;0;0;0;0;70;47;112;2;0;3;0;17;94;6;2835;3210;3515;3122,5641025641;566,134143732972;4;91;15;2;115;9,32478632478633;0,90809633991664;2;115
2016;"MUNICIPIO";430150;71;0;71;0;4;19;21;13;11;3;0;0;71;23;28;32;27,9718309859155;6,31545005971391;1;5;14;23;7;21;57;0;0;14;0;0;0;39;32;71;0;0;0;0;4;67;0;4;67;0;38;39;39;38,5915492957746;1,62636724712938;0;1;4;8;58;71;0;23;48;67;3;1;5;30;5;7;17;2;1;0;1;3;71;0;0;0;0;39;32;57;0;0;14;0;4;64;3;2935;3160;3515;3170,21126760563;496,732492408222;4;63;4;2;69;9,11267605633803;1,25981059545414;2;69
2016;"MUNICIPIO";430155;25;0;24;0;2;5;11;4;3;0;0;0;25;24;27;31;27,2;5,3851648071345;0;1;2;15;1;6;24;0;0;0;1;0;0;17;8;23;2;0;0;0;5;20;0;5;20;0;37;38;39;37,92;1,7301252363148;0;2;3;1;19;25;0;4;21;23;2;0;3;8;1;1;5;2;0;2;0;3;25;0;0;0;0;13;12;24;0;0;0;1;3;22;0;2785;3050;3310;3005;403,47707493735;0;23;0;0;25;9,32;0,556776436283002;1;23
2016;"MUNICIPIO";430160;1619;0;1584;9;227;384;364;379;201;52;3;0;1610;22;27;32,5;27,2513897467573;6,79783487185714;4;48;495;740;82;250;1214;171;0;232;0;0;0;673;946;1570;49;1;13;18;190;1385;10;222;1385;10;38;39;40;38,1861471861472;2,31960137848198;9;222;83;102;1179;19;1600;496;1123;1547;68;4;310;237;201;153;436;31;27;47;4;171;1609;0;7;3;0;835;784;1214;171;0;232;0;189;1344;86;2825;3180;3505;3131,93390982088;616,275707611904;95;1307;164;14;1598;9,58808933002481;0,857468490963925;10;1609
2016;"MUNICIPIO";430163;143;0;136;3;33;36;33;23;12;3;0;0;140;19,5;24;30;24,9510489510489;7,03945487579054;0;2;51;74;7;9;112;13;0;17;0;0;0;58;85;137;6;0;0;2;10;128;2;12;128;2;38;39;40;38,556338028169;1,93703966533172;2;26;7;9;95;143;0;75;68;138;3;0;14;34;19;24;31;1;1;6;0;10;141;0;0;1;0;82;61;112;13;0;17;0;13;125;5;2875;3170;3510;3159,87412587413;547,223991360194;10;117;9;1;141;9,3169014084507;0,802210760140965;0;142
2016;"MUNICIPIO";430165;52;0;52;0;3;8;13;19;8;0;1;0;52;25;30;34;29,6153846153846;5,97758507915882;0;3;4;38;0;7;46;0;0;5;1;0;0;23;29;50;2;0;0;0;6;45;1;6;45;1;37,75;39;39,25;38,4038461538462;1,89177388882908;0;9;1;4;38;52;0;13;39;49;3;0;5;15;4;8;13;1;0;2;0;4;52;0;0;0;0;28;24;46;0;0;5;1;4;44;4;2988,75;3420;3622,5;3308,73076923077;542,358542699027;3;41;5;1;51;9,63461538461539;0,686818358093008;0;52
2016;"MUNICIPIO";430170;104;0;98;1;8;28;24;26;14;3;0;0;103;22;28;32,25;27,7307692307692;6,47808968790036;0;10;33;38;4;18;91;1;1;11;0;0;0;40;64;104;0;0;1;0;7;94;2;8;94;2;38;39;40;38,7019230769231;1,9847956422761;0;12;4;8;79;104;0;31;73;97;7;0;11;22;13;14;30;4;3;0;0;7;104;0;0;0;0;61;43;91;1;1;11;0;7;93;4;2936,25;3175;3528,75;3175,11538461538;536,894274774175;6;91;7;1;103;9,17307692307692;0,817791338690404;0;101
2016;"MUNICIPIO";430175;61;0;61;0;12;12;12;13;9;3;0;0;61;20;28;32;27,4098360655738;7,71659909800582;0;9;29;16;2;5;51;2;0;8;0;0;0;21;40;61;0;0;0;0;3;58;0;3;58;0;38;38;39;38,4590163934426;1,2189308223713;0;8;1;3;49;60;1;29;32;59;2;0;6;13;9;15;13;1;1;0;0;3;60;0;0;1;0;35;26;51;2;0;8;0;1;58;2;3015;3250;3485;3225,24590163934;392,510537257184;4;53;4;0;61;9,60655737704918;0,525315413968604;0;61
2016;"MUNICIPIO";430180;39;0;38;1;9;9;9;6;4;1;0;0;38;19,5;25;31,5;25,2051282051282;7,28437219481573;0;1;12;22;1;3;32;0;0;7;0;0;0;20;19;39;0;0;0;0;10;29;0;10;29;0;36,5;38;39;37,7692307692308;1,96631552939339;0;3;1;0;35;39;0;20;19;39;0;0;7;6;6;2;8;0;0;0;0;10;39;0;0;0;0;22;17;32;0;0;7;0;6;33;0;2715;3090;3287,5;2992,05128205128;525,767256328559;5;31;3;1;38;9,58974358974359;1,0691351329573;1;38
2016;"MUNICIPIO";430185;44;0;43;0;8;9;14;10;2;1;0;0;44;22,75;26;30,25;26,2727272727273;5,9858889738794;0;2;7;25;3;7;41;0;0;2;1;0;0;20;24;42;2;0;0;0;5;39;0;5;39;0;38;39;40;38,7045454545455;1,53379822593646;0;10;2;4;28;43;1;19;25;43;1;0;10;8;4;5;12;0;0;2;0;3;43;0;1;0;0;20;24;41;0;0;2;1;4;39;1;2770,25;3238;3568,5;3184,63636363636;479,31400063536;5;32;5;1;42;9,67441860465116;0,837255443542091;1;43
2016;"MUNICIPIO";430187;48;0;17;0;8;13;13;7;6;1;0;0;48;21;26,5;30,25;26,1875;6,6449669003226;1;1;15;24;3;4;23;1;0;23;1;0;0;17;31;48;0;0;0;0;9;39;0;9;39;0;38;39;40;38,3541666666667;1,99456264425161;0;10;2;3;32;47;1;17;31;45;1;0;7;5;9;3;13;1;0;0;0;8;47;0;1;0;0;19;29;23;1;0;23;1;4;36;8;2852,5;3310;3643,75;3289,45833333333;584,481438044391;2;37;9;0;19;9,63157894736842;0,597264720370147;0;47
2016;"MUNICIPIO";430190;160;0;150;3;26;35;43;29;16;8;0;0;157;21;26;32;26,85;6,94108178544247;6;13;61;61;5;13;112;17;0;17;14;0;0;58;102;157;3;0;0;0;15;142;2;15;142;2;38;39;39,5;38,5723270440252;1,63606164772299;4;39;7;11;99;152;8;87;73;155;5;0;23;24;44;20;29;2;2;3;0;12;152;0;6;2;0;84;76;112;17;0;17;14;12;139;9;2963,25;3240;3559,75;3232,575;540,147552051679;9;128;18;2;150;9,06578947368421;1,13739013809953;0;160
2016;"MUNICIPIO";430192;6;0;6;0;0;4;0;1;1;0;0;0;6;21,5;23,5;29,25;25,6666666666667;5,98887858172685;0;0;3;2;1;0;5;1;0;0;0;0;0;3;3;6;0;0;0;0;0;6;0;0;6;0;38,25;39;39;39;1,09544511501033;0;0;0;0;6;6;0;4;2;6;0;0;2;1;1;0;2;0;0;0;0;0;6;0;0;0;0;5;1;5;1;0;0;0;0;5;1;3232,5;3270;3780;3501,66666666667;405,976189778005;0;4;2;1;5;9,33333333333333;1,63299316185545;0;6
2016;"MUNICIPIO";430195;34;0;31;0;6;7;9;7;5;0;0;0;34;22;26,5;33;26,6764705882353;6,41834769748223;0;2;6;19;1;6;34;0;0;0;0;0;0;16;18;32;2;0;0;0;2;32;0;2;32;0;38;38;39;38,1764705882353;0,968303365789691;0;2;2;1;28;34;0;2;32;29;3;0;6;8;3;0;11;1;1;2;0;0;34;0;0;0;0;16;18;34;0;0;0;0;5;27;2;2681,25;2985;3443,75;3058,08823529412;524,462227755485;4;26;2;0;34;9,29411764705882;0,629064325116033;0;34
2016;"MUNICIPIO";430200;99;0;88;3;17;25;21;18;13;1;1;0;96;20,5;25;31;25,959595959596;7,10693709956169;0;8;46;33;3;9;93;1;0;5;0;0;0;40;59;99;0;0;0;1;11;86;1;12;86;1;38;39;40;38,5151515151515;1,80341872826639;0;29;7;8;44;99;0;43;56;89;8;2;8;23;21;12;16;3;5;0;2;9;97;0;0;2;0;53;46;93;1;0;5;0;13;78;8;2787,5;3160;3562,5;3150,40404040404;573,82251965668;13;73;12;1;97;9,45918367346939;0,748446740000445;2;97
2016;"MUNICIPIO";430205;40;0;31;1;11;12;10;4;2;0;0;0;39;17;22,5;26,5;22,8;6,05614754418377;0;2;12;19;1;6;11;0;0;1;28;0;0;23;17;40;0;0;0;0;2;37;0;2;37;0;38;39;39;38,7179487179487;1,07480029843291;0;8;1;2;28;40;0;15;25;35;0;0;12;7;6;1;6;0;0;0;0;2;40;0;0;0;0;20;20;11;0;0;1;28;1;36;3;2838,75;3180,5;3491,25;3213,125;454,558291514538;2;33;4;0;40;9,575;0,675106829153158;1;39
2016;"MUNICIPIO";430210;1483;0;1479;5;148;269;354;377;268;60;2;0;1478;24;29;34;28,7633175994606;6,69843600078051;0;21;349;629;144;340;1331;32;0;119;0;0;0;693;790;1443;40;0;8;17;162;1296;0;187;1296;0;38;39;39;38,1773432231962;2,06316560556624;8;164;53;56;1201;151;1332;611;872;1410;70;3;154;420;117;216;325;30;34;38;3;146;1479;1;1;2;0;792;691;1331;32;0;119;0;167;1258;58;2847,5;3175;3460;3122,53877275792;555,625703219942;85;1254;104;10;1472;9,06275303643725;0,758104519797967;12;1470
2016;"MUNICIPIO";430215;24;0;23;1;2;5;5;8;3;0;0;0;23;22,5;28;33;27,5833333333333;6,59984628718675;0;1;10;6;1;6;23;0;0;1;0;0;0;10;14;22;2;0;0;0;2;20;2;2;20;2;38;39;39;38,7916666666667;1,81728815323384;0;4;3;0;17;24;0;1;23;22;1;0;1;9;2;1;8;0;0;2;0;0;24;0;0;0;0;8;16;23;0;0;1;0;3;21;0;2850;3235;3383,75;3102,5;406,410586989797;2;19;0;0;24;9,58333333333333;0,503610155185335;0;24
2016;"MUNICIPIO";430220;65;0;64;0;4;14;22;17;6;1;1;0;65;24;27;32;27,8615384615385;6,00488583123392;0;1;10;37;6;11;60;0;0;5;0;0;0;38;27;65;0;0;0;2;9;53;1;11;53;1;37;39;40;38,1846153846154;2,26310287335433;0;3;4;0;58;65;0;9;56;62;3;0;5;24;3;5;15;2;1;0;0;10;65;0;0;0;0;43;22;60;0;0;5;0;3;60;2;3080;3310;3600;3298,76923076923;445,129046219702;5;52;8;0;65;9,16923076923077;0,651182356593344;1;64
2016;"MUNICIPIO";430222;21;0;20;0;1;6;6;6;2;0;0;0;21;24;28;30;27,4285714285714;5,4915519534229;0;1;9;7;0;4;18;1;0;2;0;0;0;5;16;19;2;0;0;0;1;20;0;1;20;0;38;38;39;38,4285714285714;0,925820099772551;0;3;0;2;16;21;0;1;20;21;0;0;2;3;1;2;10;0;0;2;0;1;21;0;0;0;0;9;12;18;1;0;2;0;0;20;1;2875;3195;3510;3261,66666666667;457,078585511653;1;16;2;1;20;9,47619047619048;2,18217890235992;0;20
2016;"MUNICIPIO";430223;16;0;15;0;2;1;2;6;4;1;0;0;16;27,25;32;35;30,3125;6,69047830876089;0;1;5;9;0;1;13;0;0;3;0;0;0;3;13;16;0;0;0;0;2;14;0;2;14;0;37,75;38;39;38,0625;1,38894444333338;0;5;0;0;11;16;0;2;14;16;0;0;1;2;1;0;10;0;0;0;0;2;16;0;0;0;0;8;7;13;0;0;3;0;1;14;1;2938,75;3280;3642,5;3272,1875;491,728138812495;0;13;2;0;16;9,5625;0,629152869605896;1;15
2016;"MUNICIPIO";430225;21;0;21;0;0;6;3;6;4;2;0;0;21;24;32;35;30,1428571428571;6,62786326266403;0;1;6;12;0;2;21;0;0;0;0;0;0;11;10;21;0;0;0;0;1;20;0;1;20;0;38;38;39;38,3333333333333;0,966091783079296;0;2;0;2;17;21;0;6;15;21;0;0;3;8;2;4;3;0;0;0;0;1;21;0;0;0;0;7;14;21;0;0;0;0;0;20;1;2856;3032;3330;3135,47619047619;384,45983132801;0;19;2;0;21;9,52380952380952;0,813575295780767;0;21
2016;"MUNICIPIO";430230;160;0;123;2;37;45;34;27;10;5;0;0;158;20;24;30;25,21875;6,80239679828058;1;13;69;62;5;10;129;7;0;24;0;0;0;62;98;158;2;0;0;1;9;135;8;10;135;8;38;39;40;38,7320261437908;1,83176121730065;0;50;12;8;73;149;11;91;69;143;7;0;15;36;17;31;30;3;4;2;0;8;160;0;0;0;0;76;84;129;7;0;24;0;10;143;7;2857,5;3215;3530;3196,4875;489,112313470719;10;121;19;0;151;9,14569536423841;0,467580310297992;1;159
2016;"MUNICIPIO";430235;166;0;156;3;6;33;37;55;24;8;0;0;163;24,25;30;33;29,0060240963855;6,16883367784141;0;5;46;76;13;25;150;4;0;7;0;0;0;65;101;162;4;0;1;0;21;143;0;22;143;0;38;39;39;38,1212121212121;2,01454430720842;0;36;6;5;118;84;82;32;134;154;11;0;17;38;13;17;48;3;7;4;0;17;166;0;0;0;0;77;89;150;4;0;7;0;15;139;12;3000;3385;3613,75;3280,3734939759;574,910379542146;8;133;20;0;166;9,65060240963855;0,591530832512;0;166
2016;"MUNICIPIO";430237;23;0;23;0;7;4;2;6;2;2;0;0;23;19;26;32;26,7391304347826;8,61403395788918;1;2;6;12;0;2;20;0;0;3;0;0;0;7;16;23;0;0;0;0;2;20;1;2;20;1;38;38;40;38,7826086956522;1,6502485140435;0;3;0;0;20;23;0;5;18;22;1;0;3;3;2;5;7;0;1;0;0;2;23;0;0;0;0;8;15;20;0;0;3;0;3;19;1;2777,5;3060;3512,5;3127,17391304348;528,930795625727;3;15;4;0;23;9,08695652173913;0,51460871969619;0;23
2016;"MUNICIPIO";430240;147;0;145;0;21;42;39;27;16;2;0;0;147;21;26;31;26,4557823129252;6,10550087981188;0;5;45;71;7;18;128;15;0;4;0;0;0;68;79;143;4;0;0;0;14;128;5;14;128;5;38;38;39;38,3401360544218;1,50112559886046;0;22;3;8;114;44;103;9;138;141;6;0;4;58;4;17;45;3;2;4;0;10;147;0;0;0;0;70;77;128;15;0;4;0;11;128;8;2952,5;3175;3525;3200,30612244898;491,252670699212;7;117;16;0;146;9,3013698630137;0,647220721437372;4;143
2016;"MUNICIPIO";430245;76;0;76;0;14;20;21;10;9;2;0;0;76;21;25;30;26,1842105263158;6,48425894263082;1;9;43;17;1;5;47;0;0;29;0;0;0;20;56;76;0;0;0;0;6;69;1;6;69;1;39;39;40;38,9210526315789;1,67143178458659;0;13;3;7;53;9;67;27;49;74;1;1;6;11;19;18;14;0;1;0;1;6;76;0;0;0;0;34;42;47;0;0;29;0;5;67;4;2815;3117,5;3488,75;3167,89473684211;475,115609199764;10;59;7;0;76;9,43421052631579;0,596333828562257;1;75
2016;"MUNICIPIO";430250;61;0;58;0;5;15;20;9;10;2;0;0;61;23;28;31;27,8524590163934;6,17747538933117;0;2;19;25;4;11;54;0;0;7;0;0;0;21;40;61;0;0;0;0;6;54;1;6;54;1;38;38;39;38,327868852459;1,48010485524292;0;16;10;6;27;61;0;19;42;59;2;0;11;9;9;8;16;0;2;0;0;6;61;0;0;0;0;27;34;54;0;0;7;0;4;50;7;2900;3280;3610;3274,18032786885;541,057745168256;4;46;11;1;60;9,73770491803279;0,728048518169458;0;60
2016;"MUNICIPIO";430258;27;0;27;0;3;7;8;4;5;0;0;0;27;23;27;33;27,3703703703704;6,57002603992116;0;2;7;8;6;4;23;0;0;4;0;0;0;12;15;27;0;0;0;0;3;24;0;3;24;0;38;39;39,5;38,5185185185185;1,80534186769688;0;4;0;2;21;27;0;9;18;26;1;0;2;8;1;6;6;0;1;0;0;3;27;0;0;0;0;19;8;23;0;0;4;0;3;22;2;2835;3110;3445;3121,22222222222;494,966536035389;2;24;1;0;27;9,2962962962963;0,775331929653101;0;27
2016;"MUNICIPIO";430260;34;0;34;1;7;3;11;7;5;0;0;0;33;21,75;27;31;26,4411764705882;7,03752356784078;0;2;9;21;0;2;24;0;0;10;0;0;0;12;22;32;2;0;0;0;8;25;1;8;25;1;37;38;39,75;38,2352941176471;2,00089106709701;0;10;0;2;22;34;0;10;24;31;3;0;4;6;1;5;9;0;1;2;0;6;34;0;0;0;0;17;17;24;0;0;10;0;3;31;0;2886,25;3013;3217,5;3018,29411764706;394,377033061984;1;30;1;0;34;9,47058823529412;0,56328549829076;2;32
2016;"MUNICIPIO";430265;41;0;41;0;2;7;11;16;4;1;0;0;41;25;30;32;28,8536585365854;5,5477967501061;0;2;15;18;3;3;36;1;0;4;0;0;0;20;21;41;0;0;0;1;5;35;0;6;35;0;37;39;40;38,3658536585366;2,17664992087584;0;12;4;2;23;41;0;12;29;37;4;0;4;10;2;9;6;1;3;0;0;6;41;0;0;0;0;19;22;36;1;0;4;0;4;34;3;2850;3150;3510;3170,85365853659;601,340068554209;2;34;5;0;41;9,68292682926829;0,567407454579331;1;40
2016;"MUNICIPIO";430270;269;0;265;1;47;58;68;58;30;7;0;0;268;21;27;32;26,7137546468401;6,70012227216528;0;13;103;109;21;20;216;20;0;30;0;0;0;101;168;261;8;0;1;1;24;238;2;26;238;2;37,25;38;39;38,2255639097744;2,02853806026356;0;79;24;23;140;264;5;123;146;258;8;0;30;56;41;43;63;2;3;8;0;20;268;0;0;1;0;133;136;219;20;0;30;0;24;238;7;2885;3180;3480;3143,96654275093;550,392162424689;15;220;23;2;266;9,35820895522388;0,723112136647349;3;266
2016;"MUNICIPIO";430280;382;0;380;7;58;84;84;80;58;10;1;0;375;21;27;33;27,1073298429319;6,99467354087462;3;14;132;170;17;46;302;61;0;18;0;0;0;170;212;376;6;0;1;4;38;336;3;43;336;3;38;39;39;38,348167539267;1,95935987543463;2;100;40;38;200;22;360;117;265;364;15;3;86;59;65;23;90;6;6;6;3;38;381;0;1;0;0;185;197;302;61;0;18;0;25;338;19;2960;3225;3543,75;3219,20680628272;537,705626082717;10;330;36;2;380;9,61256544502618;0,653397512509805;2;379
2016;"MUNICIPIO";430290;117;0;115;2;17;31;25;23;15;3;1;0;115;21;26;32;26,6153846153846;7,26333037729672;0;2;37;62;5;11;94;6;0;17;0;0;0;36;81;115;2;0;0;1;14;100;2;15;100;2;38;39;40;38,3418803418803;2,04754854753777;0;42;4;5;64;115;2;54;63;116;1;0;15;17;19;16;35;0;1;2;0;12;115;0;0;2;0;49;68;94;6;0;17;0;9;101;7;2920;3295;3605;3229,74358974359;596,432947843435;5;95;14;4;113;9,52991452991453;1,00492450885326;0;117
2016;"MUNICIPIO";430300;989;0;980;7;125;211;265;232;114;32;3;0;982;22;28;32;27,4560161779575;6,66592464100638;3;41;291;448;74;132;786;110;0;86;6;0;0;408;581;959;30;0;4;14;102;861;8;120;861;8;38;39;40;38,3367037411527;2,13389781688606;13;245;86;63;580;24;965;354;635;948;38;3;100;250;107;132;242;14;20;30;3;91;984;0;4;1;0;511;478;786;110;0;86;6;105;819;65;2880;3225;3530;3172,49241658241;584,626884709406;56;804;98;5;977;9,45723014256619;0,719400351994866;10;979
2016;"MUNICIPIO";430310;1933;0;1797;7;219;407;533;448;261;56;1;1;1925;23;28;33;27,7035695809622;6,47543316416013;1;36;537;952;160;244;1749;123;0;58;1;0;0;781;1152;1889;44;0;5;14;183;1707;23;202;1707;23;38;39;40;38,4865424430642;1,89996458081403;28;486;95;96;1104;963;970;980;953;1842;85;6;225;462;321;284;374;28;44;41;6;148;1933;0;0;0;0;982;951;1749;123;0;58;1;160;1666;107;2930;3250;3575;3216,87480600103;543,69953191604;107;1560;212;15;1918;9,33936885669943;0,799642139811624;13;1919
2016;"MUNICIPIO";430320;46;0;43;0;3;15;16;7;5;0;0;0;46;23;25,5;29,75;26,4347826086957;5,48797543691071;0;3;18;19;3;2;27;0;0;4;15;0;0;13;33;44;2;0;0;2;8;35;1;10;35;1;37,25;39;40;38,1304347826087;2,40932167173136;0;2;6;0;37;46;0;29;17;45;1;0;2;6;14;3;11;1;0;2;0;7;46;0;0;0;0;26;20;27;0;0;4;15;6;38;2;2893,75;3170;3568,75;3145,91304347826;574,269035909011;6;33;5;0;46;9,67391304347826;0,598306789609439;0;46
2016;"MUNICIPIO";430330;46;0;46;0;7;8;10;10;9;1;1;0;46;23,25;28,5;34;28,6739130434783;7,19893309325482;0;5;10;21;1;9;37;0;0;9;0;0;0;21;25;46;0;0;0;0;6;40;0;6;40;0;37,25;38;39;38,0434782608696;1,39772071187552;0;5;3;8;30;15;31;4;42;45;0;1;7;12;3;4;14;0;0;0;1;5;46;0;0;0;0;24;22;37;0;0;9;0;4;39;3;2862,5;3165;3547,5;3186,36956521739;545,027434934167;4;35;7;0;46;9,15217391304348;0,631308739554333;0;46
2016;"MUNICIPIO";430340;24;0;23;0;3;5;5;7;4;0;0;0;24;24;28,5;33,25;27,9166666666667;6,37192665332569;0;4;10;5;1;4;22;0;0;1;0;0;0;8;16;24;0;0;0;1;2;20;1;3;20;1;37,75;39;40;38,2916666666667;2,52774459817901;0;1;1;3;19;12;12;7;17;23;1;0;1;6;4;3;6;0;1;0;0;3;24;0;0;0;0;15;9;22;0;0;1;0;4;18;2;3000;3200;3422,5;3106,45833333333;613,896109265252;1;21;2;0;24;9,20833333333333;0,508977377704051;0;24
2016;"MUNICIPIO";430350;821;0;799;1;109;208;210;166;97;30;0;0;820;22;27;32;27,1693057247259;6,63540636947924;8;39;266;353;52;95;658;92;2;62;7;0;0;334;487;807;14;0;2;9;95;711;2;106;711;2;38;39;39;38,1538461538462;1,84106093331142;16;132;85;92;492;110;711;347;474;792;26;1;145;124;113;113;189;15;11;14;1;93;815;0;5;1;0;408;413;658;92;2;62;7;86;698;37;2890;3185;3455;3138,70280146163;543,939096621677;49;686;68;9;806;9,40858895705522;0,821202358518969;14;804
2016;"MUNICIPIO";430355;26;0;26;0;4;4;6;9;3;0;0;0;26;23;29;31;27,3846153846154;6,26148176122504;0;2;5;9;0;10;26;0;0;0;0;0;0;15;11;24;2;0;0;0;2;23;1;2;23;1;37;38;38;37,8461538461538;1,34736209512685;0;0;1;1;24;26;0;1;25;23;3;0;1;9;1;5;3;2;1;2;0;2;26;0;0;0;0;13;13;26;0;0;0;0;5;21;0;2611,25;3022,5;3202,5;2900,57692307692;409,18535389986;4;20;0;0;26;9,42307692307692;0,80860754006264;0;26
2016;"MUNICIPIO";430360;64;0;60;0;7;19;14;16;8;0;0;0;64;23;28;31,25;27,09375;5,80563150250316;0;5;22;25;4;7;49;4;0;10;0;0;0;23;41;62;2;0;1;0;2;61;0;3;61;0;38;38;39;38,234375;1,93335129302003;0;6;9;1;46;64;0;23;41;59;4;0;6;16;5;8;21;0;3;2;0;2;64;0;0;0;0;36;28;49;4;0;10;0;6;57;1;2808,75;3165;3442,5;3110,171875;536,533481098138;5;53;4;2;62;9,296875;1,01855308984137;0;64
2016;"MUNICIPIO";430367;22;0;16;1;2;3;6;6;4;0;0;0;21;23,5;28;32,5;27,7272727272727;7,39486191108277;0;0;9;9;1;3;22;0;0;0;0;0;0;12;10;22;0;0;0;1;1;19;0;2;19;0;37;39;39;37,6666666666667;2,55603860169078;0;6;0;0;14;22;0;6;16;17;2;0;1;7;2;1;4;2;0;0;0;1;22;0;0;0;0;10;12;22;0;0;0;0;0;22;0;2855;3057,5;3301,25;3093,40909090909;342,210553271758;1;19;1;0;21;9,23809523809524;0,768424485864545;0;22
2016;"MUNICIPIO";430370;58;0;58;0;1;7;23;16;9;2;0;0;58;27,25;29;34;29,948275862069;4,83562225460506;0;4;2;28;7;17;54;1;0;3;0;0;0;26;32;52;6;0;0;0;7;50;1;7;50;1;37;38;39;37,9655172413793;1,52137423151869;0;16;5;14;23;20;38;3;55;53;4;1;9;6;2;6;21;2;2;6;1;3;58;0;0;0;0;26;32;54;1;0;3;0;7;49;2;2800;3142,5;3336,25;3066,13793103448;499,646065898226;1;46;5;0;58;9,22413793103448;0,879455642005493;0;58
2016;"MUNICIPIO";430380;54;0;54;0;9;10;16;12;5;2;0;0;54;23;26,5;31;26,9259259259259;6,37167035311378;0;1;16;21;2;14;43;0;0;11;0;0;0;22;32;54;0;0;1;0;4;49;0;5;49;0;38;39;40;38,4814814814815;2,53831574482083;0;10;1;1;42;54;0;20;34;51;3;0;5;12;6;7;16;3;0;0;0;5;54;0;0;0;0;28;26;43;0;0;11;0;3;48;3;2868,75;3195;3430;3125,18518518519;565,387630397561;3;48;3;2;52;9,14814814814815;1,39280370703027;0;54
2016;"MUNICIPIO";430390;851;0;843;0;98;172;226;213;118;24;0;0;851;23;28;33;27,8907168037603;6,29666920940323;0;14;201;448;76;112;796;23;0;31;0;0;0;422;429;829;18;0;4;5;87;749;6;96;749;6;38;39;39;38,3290246768508;1,91951988190729;1;77;23;44;704;351;500;313;538;799;52;0;84;264;47;144;167;24;24;18;0;75;850;0;1;0;0;439;412;796;23;0;31;0;63;748;40;2972,5;3240;3550;3218,05522914219;520,600856933862;36;706;84;5;846;9,50293772032902;0,761378514274623;7;843
2016;"MUNICIPIO";430400;78;0;77;0;19;20;18;14;7;0;0;0;78;20;24,5;30;25,3846153846154;6,20060903843747;1;1;25;45;2;4;66;0;0;12;0;0;0;32;46;75;3;0;1;0;19;57;1;20;57;1;36,25;38;39;37,5;2,62727946792826;0;19;2;5;52;78;0;21;57;75;3;0;2;25;5;5;19;0;3;3;0;16;78;0;0;0;0;47;31;66;0;0;12;0;8;67;3;2780;3117,5;3403,75;3093,76923076923;530,726381018027;6;61;8;1;77;9,34615384615385;1,22556028085036;0;77
2016;"MUNICIPIO";430410;39;0;39;0;5;7;12;10;3;2;0;0;39;22;26;31;27,025641025641;6,50298384746401;0;0;7;19;1;12;39;0;0;0;0;0;0;26;13;35;4;0;0;0;8;30;1;8;30;1;38;39;39;38,0769230769231;2,33265847190683;0;0;0;2;37;39;0;10;29;24;14;1;11;3;0;0;3;10;4;3;1;4;39;0;0;0;0;19;20;39;0;0;0;0;7;31;1;2772,5;3143;3334;2989,48717948718;587,940422679699;6;26;3;1;38;9,33333333333333;1,30451308386114;0;39
2016;"MUNICIPIO";430420;366;0;352;2;69;73;81;78;52;11;0;0;364;21;27;32;26,9043715846995;7,02825082108004;1;28;169;110;16;41;308;32;0;21;0;0;0;164;202;357;8;0;1;3;30;321;10;34;321;10;38;39;40;38,4219178082192;2,00207629692788;2;78;8;17;258;86;280;153;212;353;12;0;53;96;51;41;77;3;6;8;0;30;366;0;0;0;0;179;187;308;32;0;21;0;31;322;13;2870;3195;3540;3166,98907103825;540,90743126278;25;303;29;3;363;8,98907103825137;0,990304068639728;0;366
2016;"MUNICIPIO";430430;47;0;47;0;7;4;12;13;10;1;0;0;47;25;30;34;28,6808510638298;6,81464657598592;0;1;13;19;7;7;40;0;0;7;0;0;0;19;28;45;2;0;0;0;4;42;1;4;42;1;38;39;40;38,5106382978723;1,82818917803254;0;5;2;4;36;13;34;9;38;44;3;0;3;13;5;3;14;2;1;2;0;4;47;0;0;0;0;23;24;40;0;0;7;0;2;43;2;3000;3250;3612,5;3274,14893617021;490,830395692647;0;41;4;0;47;9,59574468085106;0,680778788948335;1;46
2016;"MUNICIPIO";430435;130;0;128;2;20;32;33;29;12;2;0;0;128;21,25;26;31;26,2615384615385;6,55986604863458;0;2;48;60;13;7;101;11;0;17;0;0;0;52;78;130;0;0;0;0;15;114;1;15;114;1;38;39;40;38,4923076923077;1,55641285970749;1;24;8;15;82;130;0;41;89;127;2;1;24;21;19;11;37;0;2;0;1;15;129;0;0;1;0;70;60;101;11;0;17;0;8;116;6;3000;3332,5;3605;3276,73076923077;517,40471599241;6;111;13;1;128;9,72093023255814;0,706849791615571;1;129
2016;"MUNICIPIO";430440;622;0;615;3;94;174;158;115;65;11;2;0;619;21;26;31;26,2491961414791;6,44165872634151;0;11;197;300;45;69;520;22;0;80;0;0;0;263;359;612;10;0;1;3;57;559;1;61;559;1;38;39;39;38,43961352657;1,63972140987739;2;133;16;12;458;259;363;127;495;607;14;1;65;161;45;85;189;8;3;10;1;54;619;0;3;0;0;328;294;520;22;0;80;0;62;536;24;2866,25;3185;3470;3140,58199356913;537,949523397461;59;511;41;6;612;9,08899676375404;0,71803032625527;5;616
2016;"MUNICIPIO";430450;522;0;467;2;65;128;127;120;58;20;1;1;519;22;27;33;27,4310344827586;6,64654922393122;1;46;231;158;11;69;453;43;0;14;2;0;0;254;268;513;9;0;4;2;49;438;22;55;438;22;38;39;40;38,6543689320388;2,25964326490621;5;46;15;35;393;99;423;198;324;490;25;2;102;110;74;42;105;12;11;9;2;46;518;0;0;4;0;280;242;453;43;0;14;2;35;442;44;2975;3315;3635;3276,29558541267;593,185767503685;30;400;76;9;510;9,41618497109827;1,02488726778392;4;507
2016;"MUNICIPIO";430460;5205;0;4661;20;738;1205;1183;1187;698;170;4;0;5185;22;27;33;27,4136407300672;6,75749976942471;4;105;1492;2402;391;767;4531;314;4;349;2;0;0;2135;3070;5086;119;1;21;65;506;4601;8;593;4601;8;38;39;39;38,297385620915;2,03284624170729;65;972;294;274;3140;1832;3373;2615;2590;4969;210;11;277;1513;357;1205;1065;81;97;117;11;470;5188;2;14;1;0;2708;2497;4532;314;4;349;2;488;4387;330;2910;3238;3572;3201,70758885687;587,131411998923;274;4219;587;53;5136;9,02620928888032;0,814578465033465;32;5161
2016;"MUNICIPIO";430461;4;0;4;0;1;1;0;2;0;0;0;0;4;20,5;27;33;26,5;7,54983443527075;0;0;2;2;0;0;4;0;0;0;0;0;0;2;2;4;0;0;0;1;0;3;0;1;3;0;36;38;38,25;36,25;4,19324854180304;0;0;1;0;3;4;0;3;1;4;0;0;0;1;1;1;0;0;0;0;0;1;4;0;0;0;0;3;1;4;0;0;0;0;3;1;0;1933,75;2162,5;2478,75;2250;640,793778579869;2;2;0;0;4;9,75;0,5;0;4
2016;"MUNICIPIO";430462;21;0;12;0;1;6;7;5;2;0;0;0;21;24;25;30;26,9047619047619;4,49338137603255;0;1;7;9;2;2;21;0;0;0;0;0;0;9;12;20;1;0;0;0;2;13;5;2;13;5;38;40;41,25;39,55;2,72367785404801;0;5;1;2;12;21;0;5;16;11;2;1;0;3;2;1;3;1;1;0;1;1;21;0;0;0;0;7;14;21;0;0;0;0;3;18;0;2780;3055;3145;2949,28571428571;533,027404816783;3;13;0;0;21;9,52380952380952;0,749603069567329;1;20
2016;"MUNICIPIO";430463;923;0;890;6;143;260;206;184;95;28;1;0;917;21;26;31;26,4138678223185;6,63863523300637;0;24;321;399;70;106;848;31;0;28;0;0;0;364;559;898;24;0;2;6;64;843;5;72;843;5;38;39;40;38,7380434782609;1,81753892548668;15;116;75;65;646;163;760;373;549;887;34;0;137;177;157;110;228;17;13;24;0;56;923;0;0;0;0;450;473;848;31;0;28;0;77;780;66;2947,5;3275;3630;3257,60563380282;562,913166121521;59;710;126;8;915;9,61755146262188;0,73934636248197;2;920
2016;"MUNICIPIO";430465;42;0;42;0;6;12;12;7;5;0;0;0;42;23;25,5;30;26,3095238095238;6,06263283078257;0;1;17;16;3;5;38;1;0;3;0;0;0;14;28;40;2;0;0;0;2;40;0;2;40;0;38;39;39,75;38,6190476190476;1,51339355306464;0;7;4;3;28;42;0;10;32;42;0;0;6;7;3;9;13;0;0;2;0;2;42;0;0;0;0;21;21;38;1;0;3;0;3;37;2;2846,25;3152,5;3446,25;3159,88095238095;502,302610297086;3;34;3;1;41;9,42857142857143;0,769632701211116;1;41
2016;"MUNICIPIO";430466;341;0;244;2;60;112;81;59;23;4;0;0;339;20;24;30;25,1143695014663;6,0678854707877;0;16;164;115;19;22;273;27;0;24;0;0;0;151;190;331;10;0;0;8;33;274;8;41;274;8;38;39;40;38,4210526315789;2,26143529019857;3;69;30;33;144;341;0;125;216;330;9;0;70;47;48;24;84;3;4;10;0;31;338;0;2;1;0;171;170;273;27;0;24;0;30;289;22;2950;3270;3590;3217,6862170088;601,441155072841;22;249;41;2;336;9,49112426035503;0,826980803047146;3;318
2016;"MUNICIPIO";430467;47;0;47;0;9;12;7;11;7;1;0;0;47;21,5;25;33,5;27;7,18391924037109;0;0;17;22;2;6;38;6;0;3;0;0;0;21;26;47;0;0;0;0;1;46;0;1;46;0;38;39;40;38,7234042553191;1,22832738270867;0;11;0;3;33;47;0;14;33;43;3;1;6;14;1;9;12;1;2;0;1;1;47;0;0;0;0;27;20;38;6;0;3;0;2;41;4;2992,5;3305;3575;3270,31914893617;499,553500916089;3;37;7;1;46;9,5531914893617;1,38011515962946;1;46
2016;"MUNICIPIO";430468;121;0;120;0;14;35;26;27;14;5;0;0;121;22;27;32;27,2066115702479;6,44194245468955;0;3;55;48;6;9;98;3;0;20;0;0;0;46;75;121;0;0;1;0;8;110;2;9;110;2;38;39;40;38,8512396694215;1,88264511182535;0;34;5;7;75;121;0;45;76;117;4;0;11;28;15;18;38;4;0;0;0;7;121;0;0;0;0;59;62;98;3;0;20;0;7;102;12;3030;3320;3670;3340,90082644628;561,751819533601;6;94;21;0;121;9,58677685950413;0,527089832438509;0;121
2016;"MUNICIPIO";430469;49;0;49;0;9;8;17;12;2;1;0;0;49;22;27;30;26,3265306122449;6,20949459531544;0;1;10;28;3;7;47;1;0;1;0;0;0;27;22;45;4;0;1;0;7;41;0;8;41;0;37;38;39;37,734693877551;2,57208986205836;0;6;3;0;40;49;0;16;33;43;5;1;7;13;5;3;8;2;1;4;1;5;49;0;0;0;0;24;25;47;1;0;1;0;7;40;2;2880;3255;3490;3093,02040816327;648,465608500685;0;42;3;4;45;9,16326530612245;1,67514848565122;1;48
2016;"MUNICIPIO";430470;829;0;821;8;131;184;189;184;117;13;2;1;820;21;27;33;26,9939686369119;6,89158363015224;3;7;191;413;65;150;759;14;0;49;5;0;0;395;434;813;16;0;2;9;98;718;2;109;718;2;37;38;39;37,9770808202654;1,96422242349675;5;163;29;53;576;89;740;250;579;794;34;1;82;250;68;102;193;9;19;16;1;89;828;0;1;0;0;419;410;759;14;0;49;5;95;707;27;2800;3100;3385;3068,59469240048;518,621763518447;56;698;59;8;819;9,546553808948;0,852966393658778;4;825
2016;"MUNICIPIO";430471;44;0;42;0;4;10;16;8;4;2;0;0;44;22;27,5;31;27,1818181818182;6,1541165170728;0;4;13;19;1;7;39;1;0;3;1;0;0;18;26;42;2;0;0;0;2;42;0;2;42;0;39;40;40;39,4318181818182;1,26486927852437;0;4;2;3;34;43;1;22;22;40;4;0;5;12;8;7;7;1;2;2;0;0;42;0;0;2;0;24;20;39;1;0;3;1;3;41;0;2976,25;3250;3542,5;3214,20454545455;429,856578544976;3;38;1;0;43;9,53488372093023;0,630526507478824;0;44
2016;"MUNICIPIO";430480;342;0;339;1;19;53;88;99;69;12;1;0;341;26;30;34;29,7134502923977;6,20328125466687;0;3;51;166;31;91;324;3;0;13;1;0;0;169;173;333;9;1;3;2;38;296;2;44;296;2;38;38;39;38,1140350877193;2,33584376083067;0;52;16;12;262;231;111;93;249;327;15;0;27;106;25;45;80;8;5;9;0;37;342;0;0;0;0;179;163;324;3;0;13;1;26;296;20;2856,25;3185;3480;3150,12865497076;585,650878204152;20;284;29;4;336;9,22941176470588;0,908994521099664;3;337
2016;"MUNICIPIO";430485;10;0;9;0;1;1;1;3;3;1;0;0;10;29,5;31,5;35,75;30,8;7,05218642219087;0;0;2;5;0;3;10;0;0;0;0;0;0;8;2;10;0;0;0;0;1;9;0;1;9;0;37;39;40;38,7;1,82878222991269;0;1;1;0;8;9;1;3;7;9;1;0;2;4;1;0;1;1;0;0;0;1;9;0;0;1;0;5;5;10;0;0;0;0;3;7;0;2422,5;2802,5;3070;2756;390,126760026647;3;7;0;0;9;9,55555555555556;0,726483157256779;1;9
2016;"MUNICIPIO";430490;92;0;90;0;7;14;31;28;7;4;1;0;92;25;28;32,25;28,6086956521739;6,11781136211296;0;3;15;43;9;22;83;2;0;6;0;0;0;47;45;90;2;0;0;2;11;79;0;13;79;0;37,75;39;39;38,195652173913;2,06615388528723;0;12;0;1;78;36;56;32;60;79;13;0;18;15;11;6;19;8;4;2;0;9;92;0;0;0;0;47;45;83;2;0;6;0;8;81;3;2926,25;3217,5;3473,75;3147,1847826087;540,961515345193;7;77;6;2;90;9,33695652173913;0,963933948686074;2;90
2016;"MUNICIPIO";430495;15;0;9;0;1;5;3;4;2;0;0;0;15;21;28;32;26,8666666666667;6,61023737056682;0;1;6;6;1;1;14;0;0;0;0;0;0;4;11;15;0;0;0;0;7;7;1;7;7;1;36;37;38,5;37,2;2,14476105895272;0;5;1;3;5;15;0;3;12;11;0;0;0;1;1;0;4;0;0;0;0;5;15;0;0;0;0;9;6;14;0;0;0;0;3;12;0;2575;3030;3155;2884,33333333333;485,922784381379;3;11;1;0;15;9,73333333333333;0,457737708217063;0;15
2016;"MUNICIPIO";430500;86;0;84;0;16;15;20;21;11;2;1;0;86;21,25;28;32;27,2558139534884;7,13761543063002;0;1;21;43;5;16;71;2;0;12;1;0;0;37;49;86;0;0;0;0;6;80;0;6;80;0;38;39;39;38,5813953488372;1,27846522213684;0;5;1;5;75;85;1;35;51;83;3;0;9;25;3;17;24;0;3;0;0;5;85;0;1;0;0;41;45;71;2;0;12;1;7;78;1;2903,75;3115;3401,25;3138,3023255814;431,583788327909;6;76;4;1;84;9,23529411764706;0,868044584431136;1;84
2016;"MUNICIPIO";430510;6076;0;6046;22;671;1257;1422;1498;969;225;11;1;6053;23;28;33;28,2468729427255;6,68279149413324;5;118;1551;2481;643;1277;5290;139;4;643;0;0;0;2747;3329;5925;151;1;17;61;657;5325;14;736;5325;14;38;39;39;38,1850205761317;1,94736623264892;5;1008;160;197;4695;57;6019;1775;4301;5807;256;11;414;1864;337;979;1532;110;110;145;11;572;6064;0;12;0;0;3067;3008;5290;139;4;643;0;665;5220;191;2840;3150;3435;3100,58229098091;548,114624078134;410;5120;386;66;5999;9,23528441879637;0,833940436390687;44;6032
2016;"MUNICIPIO";430511;15;0;15;0;0;3;3;5;4;0;0;0;15;26,5;32;34,5;30,5333333333333;6,0458565110645;0;0;2;9;2;2;14;1;0;0;0;0;0;5;10;15;0;0;0;0;2;13;0;2;13;0;38;39;39,5;38,6666666666667;1,44749372891149;0;0;0;3;12;15;0;6;9;15;0;0;1;4;2;3;3;0;0;0;0;2;15;0;0;0;0;8;7;14;1;0;0;0;1;14;0;2757,5;3025;3342,5;3072,66666666667;440,713166626657;2;13;0;0;15;9,46666666666667;0,639940473422184;0;15
2016;"MUNICIPIO";430512;39;0;20;0;5;15;8;9;2;0;0;0;39;21,5;24;30;25,4102564102564;5,06129767382338;0;0;16;16;2;4;29;2;0;1;0;0;0;23;16;39;0;0;0;0;5;30;1;5;30;1;37;38;40;38,3611111111111;1,83852079949038;0;0;2;5;20;39;0;17;22;36;2;0;7;7;9;3;2;1;1;0;0;5;39;0;0;0;0;16;23;29;2;0;1;0;5;31;3;2822,5;3180;3412,5;3121,02564102564;627,875678575217;4;29;3;1;37;9,3421052631579;0,908706112795006;0;37
2016;"MUNICIPIO";430513;23;0;23;0;0;8;5;6;2;2;0;0;23;24;27;32,5;28,8695652173913;6,5178380954681;0;1;9;6;3;4;19;2;0;2;0;0;0;12;11;23;0;0;0;0;1;22;0;1;22;0;38;39;40,5;38,8260869565217;2,08134951660616;0;5;1;3;14;23;0;8;15;22;1;0;4;8;2;3;4;0;1;0;0;1;23;0;0;0;0;15;8;19;2;0;2;0;2;20;1;3157,5;3350;3615;3327,82608695652;470,263045556219;1;19;3;0;23;9,56521739130435;0,589767824619589;0;23
2016;"MUNICIPIO";430515;23;0;23;0;6;5;6;3;3;0;0;0;23;19;25;30;25,2173913043478;7,10285807864521;0;1;11;6;1;4;22;0;0;1;0;0;0;12;11;22;1;0;0;0;3;20;0;3;20;0;38;38;39;38,1739130434783;1,19286415873132;0;1;1;0;21;23;0;3;20;20;2;1;2;8;0;1;6;0;2;1;1;2;23;0;0;0;0;10;13;22;0;0;1;0;4;19;0;2795;3030;3430;3010,60869565217;580,559192748323;2;18;2;1;22;9,30434782608696;1,45960089839952;0;23
2016;"MUNICIPIO";430517;128;0;126;2;20;23;36;27;15;5;0;0;126;22;28;32;27,203125;6,97166297562277;1;15;57;37;6;12;110;5;0;13;0;0;0;44;84;128;0;0;0;0;10;117;1;10;117;1;38;39;40;38,7421875;1,40441426549785;1;26;1;6;94;126;2;60;68;124;3;1;17;22;26;23;26;1;2;0;1;10;126;1;1;0;0;68;60;110;5;0;13;0;5;112;11;3025;3350;3576,25;3294,5234375;484,35441186878;10;106;12;0;127;9,4251968503937;0,636454527601373;0;127
2016;"MUNICIPIO";430520;141;0;140;1;13;34;38;38;14;3;0;0;140;23;28;31;27,4326241134752;5,94174693472143;0;0;38;59;13;31;125;0;0;15;1;0;0;64;77;135;6;0;1;1;14;123;2;16;123;2;37;38;39;38;1,89359823767194;0;9;6;7;118;36;105;20;121;97;44;0;5;36;6;16;23;19;21;6;0;9;141;0;0;0;0;68;73;125;0;0;15;1;13;123;5;2815;3135;3440;3102,81560283688;512,835403876427;13;108;13;0;141;9,65957446808511;0,475541604519709;0;141
2016;"MUNICIPIO";430530;77;0;73;0;6;7;22;24;11;6;1;0;77;26;30;34;30;6,34739896998846;0;1;15;42;1;16;68;0;0;6;0;0;0;36;41;76;1;0;1;0;9;65;0;10;65;0;37;38;39;37,8133333333333;2,2402541683342;1;5;2;3;64;75;2;17;60;71;3;0;7;21;3;10;21;2;1;1;0;8;77;0;0;0;0;37;40;70;0;0;6;0;10;67;0;2840;3020;3405;3006,67532467532;573,773392862375;3;70;1;0;77;9,4025974025974;0,612581686491478;0;77
2016;"MUNICIPIO";430535;379;0;377;2;53;104;84;75;43;18;0;0;377;22;27;32;27,023746701847;6,80273565414053;1;7;100;187;38;46;348;11;0;19;1;0;0;160;219;371;8;0;0;3;43;331;2;46;331;2;38;38;39;38,2849604221636;1,8062386554495;1;80;12;16;269;378;1;102;277;367;11;1;35;104;31;56;98;5;5;7;1;37;378;0;0;1;0;205;174;348;11;0;19;1;34;319;26;2907,5;3200;3522,5;3190,30343007916;546,119262575912;23;303;45;0;379;9,56728232189974;0,551655279198532;4;374
2016;"MUNICIPIO";430537;15;0;12;1;3;3;4;1;3;0;0;0;14;19;25;31;25,2666666666667;7,76867948575438;0;2;10;1;1;1;2;0;0;0;13;0;0;7;8;15;0;0;0;0;4;11;0;4;11;0;35,5;38;39;36,8666666666667;2,41621506453694;0;2;2;2;9;15;0;10;5;10;2;0;1;2;3;0;0;1;1;0;0;4;15;0;0;0;0;9;6;2;0;0;0;13;3;12;0;2662,5;2870;3135;2817;521,826462670165;2;12;1;0;15;9,66666666666667;0,617213399848368;0;15
2016;"MUNICIPIO";430540;48;0;47;0;6;15;9;12;6;0;0;0;48;22;25,5;32,25;26,9375;6,52460563738562;0;0;8;25;6;9;44;2;0;2;0;0;0;23;25;48;0;0;0;0;6;38;4;6;38;4;37;39;39;38,4375;1,78535710713571;0;8;7;7;25;16;32;18;30;42;6;0;11;8;7;3;7;2;4;0;0;6;48;0;0;0;0;31;17;44;2;0;2;0;1;44;3;3022,5;3142,5;3420;3211,875;426,921968304837;6;36;6;0;48;9,08333333333333;0,347228132337408;0;48
2016;"MUNICIPIO";430543;38;0;36;0;4;15;7;6;4;2;0;0;38;22;24,5;30,75;26,7631578947368;6,61462021351113;0;0;8;21;4;5;36;1;0;1;0;0;0;15;23;38;0;0;0;0;7;30;1;7;30;1;38;39;40;38,3947368421053;1,93878582350315;1;13;0;3;20;38;0;19;19;37;0;1;4;8;4;6;8;0;0;0;1;7;38;0;0;0;0;19;19;36;1;0;1;0;2;36;0;2888,75;3060;3313,75;3114,47368421053;403,276763448393;2;35;1;1;37;9,52631578947368;1,35041219143304;1;37
2016;"MUNICIPIO";430544;50;0;49;0;6;9;14;14;6;1;0;0;50;23;28;31;27,64;6,20322496770833;0;11;24;9;1;5;45;2;0;3;0;0;0;20;30;50;0;0;0;0;3;47;0;3;47;0;38;39;39;38,52;1,32849462143573;0;7;3;3;36;50;0;18;32;48;2;0;10;9;4;5;18;0;2;0;0;2;50;0;0;0;0;23;27;45;2;0;3;0;1;45;4;2972,5;3125;3542,5;3260,14;437,398805089677;0;43;7;0;50;9,54;0,676425177242955;0;50
2016;"MUNICIPIO";430545;176;0;170;0;34;47;37;33;19;6;0;0;176;21;25;31,25;26,3181818181818;6,9947661323845;0;5;72;77;8;14;134;18;0;24;0;0;0;68;108;173;3;0;2;0;15;154;5;17;154;5;38;39;40;38,6647727272727;2,50852442786488;3;40;14;19;96;174;2;90;86;172;3;1;21;40;25;28;41;2;0;2;1;16;173;1;1;1;0;92;84;134;18;0;24;0;17;150;9;2911,25;3262,5;3586,25;3212,23295454545;576,609397123087;13;138;18;2;173;9,42285714285714;0,978823394742503;2;174
2016;"MUNICIPIO";430550;39;0;38;1;5;9;10;7;6;1;0;0;38;22;27;32,5;27,025641025641;6,93005346484722;0;3;10;19;0;7;37;0;0;2;0;0;0;20;19;39;0;0;0;0;2;34;2;2;34;2;38;39;40;38,8947368421053;1,78264112718621;0;2;2;3;32;39;0;23;16;34;4;0;6;11;8;4;3;3;1;0;0;2;39;0;0;0;0;17;22;37;0;0;2;0;2;35;2;2955;3095;3407,5;3188,48717948718;403,610734286526;2;33;3;0;39;9,30769230769231;0,655095258394419;0;39
2016;"MUNICIPIO";430558;26;0;26;0;2;3;7;12;2;0;0;0;26;26,25;30,5;32;28,5;5,36842621258782;0;0;4;12;4;6;24;0;0;2;0;0;0;15;11;26;0;0;0;1;4;21;0;5;21;0;37;38,5;40;37,9230769230769;2,36513131852042;0;2;0;2;22;26;0;6;20;25;1;0;4;7;1;1;7;1;0;0;0;5;26;0;0;0;0;13;13;24;0;0;2;0;3;23;0;3046,25;3270;3545;3175,57692307692;526,456697028496;1;22;3;1;25;9,11538461538461;0,908930055699472;1;25
2016;"MUNICIPIO";430560;24;0;24;0;2;6;9;3;3;1;0;0;24;23,75;27;30,5;27,5833333333333;6,43304422268451;0;0;8;10;1;5;23;0;0;1;0;0;0;13;11;24;0;0;0;0;1;23;0;1;23;0;38;39;39;38,625;1,24455335099716;0;3;0;1;20;24;0;6;18;22;2;0;4;8;1;0;8;0;2;0;0;1;24;0;0;0;0;12;12;23;0;0;1;0;3;21;0;2853,75;3267,5;3488,75;3122,91666666667;490,622755695042;3;20;1;0;24;9,41666666666667;0,653862548158294;1;23
2016;"MUNICIPIO";430570;83;0;80;0;6;24;26;20;5;2;0;0;83;23;27;31;27,1807228915663;5,50641439332847;0;3;15;38;8;17;74;1;2;6;0;0;0;33;50;79;4;0;0;1;9;73;0;10;73;0;38;38;39;37,7831325301205;1,80140996790444;1;10;10;5;56;33;50;10;73;76;6;1;10;19;3;6;30;2;3;4;1;5;83;0;0;0;0;41;42;74;1;2;6;0;7;75;1;2925;3170;3360;3088,68674698795;521,47864179332;2;71;6;0;83;9,09638554216867;0,508811571604045;0;83
2016;"MUNICIPIO";430580;113;0;107;2;18;19;24;37;10;2;0;1;110;23;28;32;27,3097345132743;6,89212755615536;0;6;33;44;5;25;91;0;0;9;12;0;0;48;65;111;2;0;0;2;12;98;1;14;98;1;38;38;39;38,1150442477876;1,86486409112884;0;10;4;6;90;67;46;26;87;105;6;0;9;28;6;14;35;3;3;2;0;11;113;0;0;0;0;57;56;91;0;0;9;12;14;96;3;2820;3090;3325;3080,6814159292;513,451003808799;7;97;7;2;111;9,24778761061947;1,15365083114531;0;113
2016;"MUNICIPIO";430583;7;0;7;0;0;1;1;2;0;3;0;0;7;30;31;40,5;34;7,41619848709566;0;2;2;2;0;1;5;1;0;1;0;0;0;0;7;7;0;0;0;0;0;7;0;0;7;0;37;38;39;38;1;0;0;0;0;7;7;0;2;5;5;2;0;0;0;1;1;3;0;2;0;0;0;7;0;0;0;0;5;2;5;1;0;1;0;1;6;0;2852,5;3010;3422,5;3109,28571428571;475,442150103709;1;6;0;0;7;9,28571428571429;0,951189731211342;0;7
2016;"MUNICIPIO";430585;21;0;20;0;1;6;3;7;3;1;0;0;21;22;30;34;28,7142857142857;6,67190270569691;0;1;9;7;0;4;19;0;0;1;0;0;0;7;14;19;2;0;1;0;3;17;0;4;17;0;37;38;39;37,2857142857143;3,4226138716317;0;1;3;0;17;21;0;7;14;20;1;0;2;4;2;3;3;0;1;2;0;4;21;0;0;0;0;6;15;19;0;0;1;0;7;14;0;2470;2845;3090;2696,42857142857;765,764557251677;3;15;1;0;21;9,38095238095238;0,740012869900955;0;21
2016;"MUNICIPIO";430587;27;0;27;0;1;8;8;8;2;0;0;0;27;24;27;30;27,1851851851852;5,2185839299199;0;0;6;14;2;5;26;0;0;1;0;0;0;13;14;27;0;0;0;1;0;26;0;1;26;0;38,5;39;39;38,7777777777778;1,76140969185596;0;2;2;1;22;27;0;7;20;24;3;0;3;7;1;3;9;2;1;0;0;1;27;0;0;0;0;13;14;26;0;0;1;0;2;24;1;3047,5;3315;3582,5;3308,33333333333;520,809281495931;1;24;2;0;27;9,51851851851852;0,579812328415269;0;27
2016;"MUNICIPIO";430590;90;0;89;1;16;17;25;15;14;2;0;0;89;21;26;32;26,7555555555556;7,44766174166276;1;2;39;30;4;14;66;1;0;22;1;0;0;33;57;90;0;0;0;0;6;83;1;6;83;1;38;38;39;38,3111111111111;1,2864413456626;1;19;3;7;59;90;0;28;62;88;2;0;8;20;11;10;33;2;0;0;0;6;90;0;0;0;0;47;43;66;1;0;22;1;5;81;4;2844,25;3122,5;3397;3132,03333333333;454,840815468149;10;70;10;0;90;9,44444444444444;0,563119543680032;1;89
2016;"MUNICIPIO";430593;5;0;5;0;0;0;2;0;2;1;0;0;5;27;35;38;33,6;6,94982014155762;0;0;1;2;0;2;5;0;0;0;0;0;0;2;3;5;0;0;0;0;0;5;0;0;5;0;39;39;40;39,4;1,14017542509914;0;0;0;0;5;5;0;0;5;5;0;0;1;1;1;0;2;0;0;0;0;0;5;0;0;0;0;4;1;5;0;0;0;0;0;4;1;3280;3410;3470;3455;400,780488547035;0;4;1;0;5;9,6;0,547722557505166;0;5
2016;"MUNICIPIO";430595;28;0;27;0;3;5;7;9;4;0;0;0;28;23,75;28;33,25;28,3571428571429;5,78768991026251;0;0;6;17;0;5;27;1;0;0;0;0;0;12;16;28;0;0;0;0;0;28;0;0;28;0;38;39;40;38,8928571428571;0,875141711880434;0;3;1;1;23;27;1;10;18;28;0;0;3;9;3;7;6;0;0;0;0;0;27;0;1;0;0;12;16;27;1;0;0;0;0;27;1;3057,5;3291;3490;3304;370,58492304084;1;25;2;0;28;9,25;0,585314097380708;0;28
2016;"MUNICIPIO";430597;46;0;46;0;9;11;9;11;3;3;0;0;46;20,25;27,5;31;26,7826086956522;6,88932521604019;0;2;13;24;2;5;36;0;0;10;0;0;0;20;26;44;2;0;0;1;4;41;0;5;41;0;37,25;39;40;38,304347826087;2,03163388234299;1;4;3;6;32;46;0;17;29;42;4;0;1;13;3;12;8;1;3;2;0;3;46;0;0;0;0;19;27;36;0;0;10;0;4;39;3;3041,25;3242,5;3548,75;3222,60869565217;528,385106958967;1;34;9;0;46;9,41304347826087;0,652383219231074;0;46
2016;"MUNICIPIO";430600;145;0;143;0;13;31;38;36;22;5;0;0;145;23;28;33;28,2068965517241;6,44947947051644;1;7;41;60;8;28;145;0;0;0;0;0;0;65;80;139;6;0;1;1;19;120;4;21;120;4;38;39;40;38,3724137931034;2,01019909042407;1;22;5;6;110;56;89;46;99;139;6;0;6;52;8;21;32;0;5;6;0;15;145;0;0;0;0;75;70;145;0;0;0;0;17;118;10;2895;3255;3525;3190,8275862069;571,542896524005;9;111;19;1;144;9,46896551724138;0,656750971891523;1;143
2016;"MUNICIPIO";430605;91;0;86;0;15;27;14;20;11;4;0;0;91;21;26;31,5;26,7032967032967;7,00554463818879;1;12;41;26;4;6;76;11;0;3;0;0;0;33;58;89;2;0;0;0;7;83;0;7;83;0;38;39;40;38,7444444444444;1,3538219814854;1;18;11;4;54;90;1;34;57;89;1;0;24;6;20;4;25;0;1;2;0;7;90;0;1;0;0;42;49;76;11;0;3;0;7;76;8;2980;3240;3620;3286,98901098901;574,747683664667;5;69;14;4;87;9,35164835164835;1,52296221864297;1;89
2016;"MUNICIPIO";430607;24;0;23;0;6;4;6;4;2;2;0;0;24;19,75;26;32,25;26,3333333333333;7,61957813887966;0;0;9;8;2;5;23;0;1;0;0;0;0;11;13;24;0;0;1;0;1;21;1;2;21;1;37;37,5;39;37,5833333333333;2,63614782634033;0;1;1;2;19;24;0;3;21;19;4;1;1;5;0;3;8;4;0;0;1;2;24;0;0;0;0;16;8;23;0;1;0;0;4;20;0;2725;3047,5;3347,5;2974,41666666667;592,402178068;3;21;0;0;24;9,5;0,722315118514615;1;23
2016;"MUNICIPIO";430610;851;0;839;5;127;246;198;152;99;23;1;0;846;21;25;31;26,3678025851939;6,65183546459474;2;27;250;374;71;127;750;25;2;73;0;0;0;335;516;830;21;0;5;8;92;739;7;105;739;7;38;38;39;38,186839012926;2,11584848699878;3;228;22;33;558;34;817;193;658;814;37;0;97;179;105;66;261;14;16;21;0;92;849;0;2;0;0;458;393;750;25;2;73;0;76;736;39;2860;3145;3485;3133,56756756757;552,863762459629;51;705;73;10;839;9,57126030624264;0,821252747240114;7;842
2016;"MUNICIPIO";430613;13;0;13;0;0;2;2;2;6;1;0;0;13;28;35;37;32,6153846153846;6,22546466188752;0;3;4;2;0;4;12;0;0;1;0;0;0;5;8;13;0;0;0;0;3;10;0;3;10;0;37;38;39;37,7692307692308;1,69085018821135;0;2;1;0;10;13;0;4;9;12;1;0;2;1;2;3;1;0;1;0;0;3;13;0;0;0;0;9;4;12;0;0;1;0;1;12;0;2750;3055;3130;2936,53846153846;532,072929741875;2;10;1;0;13;9,15384615384615;0,800640769025436;0;13
2016;"MUNICIPIO";430620;143;0;139;0;23;32;24;44;16;3;1;0;143;21;27;32;27,2377622377622;6,56061449582197;0;6;46;70;13;8;129;5;0;6;1;0;0;69;74;141;2;0;0;1;10;132;0;11;132;0;38;39;39;38,4615384615385;1,55087086289267;0;19;10;18;96;54;89;33;110;130;12;0;7;49;7;17;38;6;6;2;0;10;143;0;0;0;0;65;78;129;5;0;6;1;11;129;3;2995;3280;3585;3232,23776223776;517,157275203942;6;119;16;1;142;9,6993006993007;0,639486645291792;2;140
2016;"MUNICIPIO";430630;50;0;50;0;4;8;13;10;13;2;0;0;50;25;29,5;35;29,54;6,35099220916042;0;2;4;32;0;12;49;0;0;1;0;0;0;27;23;48;2;0;0;0;4;45;1;4;45;1;38;38,5;40;38,52;1,84324469900449;0;1;1;4;44;19;31;17;33;42;8;0;4;15;9;4;5;5;3;2;0;3;50;0;0;0;0;22;28;49;0;0;1;0;6;44;0;2940;3235;3488,75;3122,9;526,963858498157;3;42;2;1;49;8,94;0,842978199538967;0;50
2016;"MUNICIPIO";430632;26;0;26;0;5;4;8;3;5;1;0;0;26;22,5;27,5;33,5;27,7307692307692;7,55014009039669;0;1;6;12;1;6;25;0;0;1;0;0;0;14;12;26;0;0;0;0;2;24;0;2;24;0;38;38,5;39;38,3076923076923;1,46339962468851;0;1;0;2;23;26;0;11;15;25;1;0;5;8;6;0;5;0;1;0;0;1;26;0;0;0;0;9;17;25;0;0;1;0;2;22;2;2840;3168;3440;3143,42307692308;538,340128400395;2;20;4;0;26;9,61538461538461;0,571098805946787;0;26
2016;"MUNICIPIO";430635;23;0;22;0;6;8;2;4;2;1;0;0;23;19,5;24;31;25,5652173913043;7,38441902039522;0;2;8;9;1;3;20;0;0;3;0;0;0;10;13;21;2;0;0;0;5;15;3;5;15;3;38;39;40;38,7826086956522;2,67915389864939;0;6;4;2;10;23;0;12;11;22;1;0;4;4;5;1;4;0;0;2;0;3;23;0;0;0;0;13;10;20;0;0;3;0;3;15;5;2825;3380;3735;3209,34782608696;787,285763568596;1;14;4;0;23;9,95652173913044;0,208514414057075;0;22
2016;"MUNICIPIO";430637;27;0;25;0;7;7;4;5;4;0;0;0;27;19,5;24;32;25,2592592592593;6,87018414596219;0;3;11;13;0;0;23;1;0;3;0;0;0;9;18;27;0;0;0;0;2;25;0;2;25;0;37;38;40;38,4814814814815;1,62599958298723;0;12;4;2;7;27;0;12;15;27;0;0;6;3;2;3;11;0;0;0;0;2;27;0;0;0;0;16;11;23;1;0;3;0;1;24;2;2915;3180;3635;3233,51851851852;480,021663803622;2;20;5;1;26;9,48148148148148;0,935223970310789;0;27
2016;"MUNICIPIO";430640;405;0;351;0;34;71;84;132;71;9;3;1;404;24;30;34;29,1777777777778;6,42612243152513;0;8;97;193;31;73;378;3;0;2;0;0;0;176;229;395;10;0;2;3;40;345;2;45;345;2;38;39;39;38,234693877551;2,04076621891615;2;60;14;22;298;171;234;127;278;385;17;0;30;115;35;63;84;9;8;10;0;36;404;0;1;0;0;186;219;378;3;0;2;0;32;354;19;2950;3250;3555;3214,01481481481;536,055680735952;21;312;49;2;403;9,43950617283951;0,808016611611432;2;401
2016;"MUNICIPIO";430642;28;0;28;0;5;4;8;7;4;0;0;0;28;21,75;28;32,25;27,2857142857143;6,36458455108709;0;0;13;11;1;3;25;0;0;3;0;0;0;12;16;28;0;0;0;1;4;23;0;5;23;0;37,75;39;40;37,9285714285714;2,89224469315433;0;4;1;2;21;28;0;14;14;28;0;0;4;4;5;1;9;0;0;0;0;5;28;0;0;0;0;14;14;25;0;0;3;0;4;23;1;2847,5;3120;3213,5;2961,28571428571;630,468365414443;2;25;1;0;28;9,60714285714286;0,685256681526506;0;28
2016;"MUNICIPIO";430645;28;0;28;0;2;3;9;9;5;0;0;0;28;25,75;30;34;29,5;5,82141639885766;0;0;7;12;4;5;28;0;0;0;0;0;0;13;15;28;0;0;0;0;1;25;2;1;25;2;38;39;39;38,9642857142857;1,50264317385616;0;0;0;1;27;13;15;2;26;25;3;0;3;7;2;1;11;2;1;0;0;1;28;0;0;0;0;12;16;28;0;0;0;0;0;28;0;2950;3230;3375;3196,78571428571;284,114003871276;2;25;0;0;28;9,39285714285714;0,566946709513841;0;28
2016;"MUNICIPIO";430650;138;0;135;2;23;33;30;25;18;7;0;0;136;20;26;32;26,7173913043478;7,37621857351742;0;16;69;41;0;11;98;20;1;18;0;0;0;50;88;134;4;0;0;1;13;120;4;14;120;4;38;39;40;38,5942028985507;1,77425909759341;2;28;24;17;66;137;1;63;75;129;9;0;16;25;23;22;30;3;3;4;0;12;137;0;0;1;0;72;66;98;20;1;18;0;16;113;9;2931,25;3280;3600;3216,66666666667;569,336075538847;10;111;13;0;138;9,48550724637681;0,630554237106142;0;138
2016;"MUNICIPIO";430655;21;0;21;0;3;4;5;3;5;0;1;0;21;24;28;36;28,8571428571429;8,02050942450487;0;2;7;10;0;2;20;0;0;1;0;0;0;11;10;21;0;0;1;0;1;19;0;2;19;0;38;39;39;38,1904761904762;3,21899126465183;0;3;1;1;16;21;0;6;15;18;2;1;2;8;1;1;5;1;1;0;1;1;21;0;0;0;0;10;11;20;0;0;1;0;1;18;2;3200;3550;3740;3378,33333333333;680,845675122735;0;18;3;0;21;9,04761904761905;0,740012869900955;0;21
2016;"MUNICIPIO";430660;443;0;439;7;74;121;115;76;36;12;2;0;436;21;26;30;26,0090293453725;6,65537646820419;1;23;201;175;11;32;382;44;0;17;0;0;0;178;265;431;12;0;0;3;47;384;9;50;384;9;38;39;39;38,352144469526;1,92451760586398;5;101;18;21;295;34;409;83;360;418;23;2;81;71;33;60;130;4;13;10;2;39;442;0;1;0;0;211;232;382;44;0;17;0;40;393;10;2875;3210;3457,5;3141,5914221219;504,116432915357;36;352;40;0;442;9,39819004524887;0,635171967779996;2;441
2016;"MUNICIPIO";430670;38;0;37;0;6;12;10;7;1;1;1;0;38;22;25;29,75;26;6,53473049962297;0;0;10;21;3;4;29;1;0;8;0;0;0;19;19;34;4;0;0;0;5;32;1;5;32;1;38;38;39;38,2894736842105;1,62593664875826;0;10;3;0;25;38;0;17;21;35;3;0;4;12;8;2;7;0;0;4;0;1;38;0;0;0;0;24;14;29;1;0;8;0;4;34;0;2901,25;3237,5;3476,25;3128,78947368421;475,149772000522;4;29;1;0;38;9,73684210526316;0,503190390399144;1;36
2016;"MUNICIPIO";430673;39;0;37;0;3;8;11;10;6;1;0;0;39;24;27;31,5;28,2820512820513;5,911401641381;0;1;11;15;5;7;36;1;0;2;0;0;0;19;20;39;0;0;0;0;1;38;0;1;38;0;38;39;40;38,9487179487179;1,1459015744616;0;3;2;3;30;39;0;8;31;38;1;0;3;15;1;3;15;0;1;0;0;1;39;0;0;0;0;20;19;36;1;0;2;0;1;36;2;3035;3260;3452,5;3258,84615384615;397,755977722228;0;36;3;0;39;9,66666666666667;0,529812942826018;0;38
2016;"MUNICIPIO";430675;14;0;14;0;2;2;2;2;5;1;0;0;14;23,5;31;36;29,7142857142857;7,96558531751117;0;0;5;6;0;3;14;0;0;0;0;0;0;4;10;14;0;0;0;0;2;12;0;2;12;0;37,25;38;39,75;38,3571428571429;1,54954796669832;0;1;0;1;12;14;0;4;10;7;7;0;1;1;0;2;1;2;5;0;0;2;14;0;0;0;0;9;5;14;0;0;0;0;0;14;0;3198,75;3305;3363,75;3256,42857142857;226,379774268379;0;14;0;0;14;9,64285714285714;0,497245158098847;0;14
2016;"MUNICIPIO";430676;578;0;559;4;91;159;121;122;62;19;0;0;574;21;26;32;26,6349480968858;6,66998424725675;1;22;201;259;40;53;447;63;1;66;0;0;0;235;343;567;11;0;4;6;56;510;1;66;510;1;38;39;40;38,313691507799;2,18272170070371;11;169;53;27;310;577;1;327;251;546;30;1;76;124;102;74;112;10;15;10;1;53;575;0;1;2;0;289;289;448;63;1;66;0;55;490;33;2945;3260;3548,75;3197,50173010381;590,392702634914;32;478;55;5;569;9,1184668989547;0,858124350645738;7;565
2016;"MUNICIPIO";430680;264;0;251;2;31;52;62;60;45;11;1;0;262;23;28,5;33,25;28,2651515151515;6,86962770227255;1;10;66;123;12;51;218;30;0;15;0;0;0;134;130;263;1;0;1;1;26;230;6;28;230;6;38;39;39;38,4090909090909;1,85994212860028;1;25;9;11;217;17;247;97;167;147;109;1;24;41;21;19;20;54;54;1;1;22;264;0;0;0;0;137;127;218;30;0;15;0;16;232;16;2943,75;3257,5;3535;3235,79924242424;528,77138015489;16;209;34;2;262;9,72348484848485;0,801174029075216;0;263
2016;"MUNICIPIO";430690;296;0;289;7;64;77;59;47;37;4;1;0;289;20;24,5;31;25,5405405405405;7,08531867482152;1;24;110;127;9;24;255;35;0;6;0;0;0;130;166;288;8;0;4;4;30;251;6;38;251;6;38;39;40;38,2949152542373;2,62856002383742;4;79;6;6;196;74;222;142;154;284;10;0;43;61;46;51;49;5;3;8;0;29;294;0;2;0;0;164;132;255;35;0;6;0;34;254;8;2912,5;3200;3510;3111,95945945946;625,279152610957;20;245;20;5;289;9,64285714285714;0,825158998020171;2;293
2016;"MUNICIPIO";430692;25;0;23;1;7;8;5;2;1;1;0;0;24;18;23;27;23,72;7,20254584620373;1;2;13;7;0;2;9;0;0;0;16;0;0;10;15;25;0;0;0;0;3;21;1;3;21;1;38;39;39;38,48;1,78232058470598;0;5;0;0;20;24;1;16;9;24;1;0;2;6;3;5;5;1;0;0;0;3;24;0;1;0;0;13;12;9;0;0;0;16;1;23;1;2985;3090;3475;3194,4;426,900944794769;1;22;2;1;23;9;1,81778651829277;0;24
2016;"MUNICIPIO";430693;100;0;100;0;13;18;34;18;15;2;0;0;100;22,75;28;32,25;27,46;6,58038100275464;0;7;24;42;8;19;91;0;6;3;0;0;0;42;58;95;5;0;2;1;10;87;0;13;87;0;38;39;40;38,17;2,48248409314688;1;10;7;16;66;100;0;31;69;95;5;0;12;23;10;15;23;4;1;5;0;7;100;0;0;0;0;54;46;91;0;6;3;0;14;85;1;2825;3120;3420;3054,48;598,132168090841;3;86;6;0;100;9,74;0,543464382782842;0;100
2016;"MUNICIPIO";430695;30;0;17;0;5;8;7;5;4;1;0;0;30;22;26,5;30,75;26,7666666666667;7,14713993114744;0;0;7;13;2;8;29;0;0;0;1;0;0;10;20;29;0;0;0;0;4;26;0;4;26;0;38;39;39;38,0333333333333;2,25118104379768;0;4;0;3;21;30;0;8;22;20;0;0;2;3;5;2;5;0;0;0;0;3;30;0;0;0;0;19;11;29;0;0;0;1;3;25;2;2920;3230;3600;3193,16666666667;556,066051852645;3;22;4;1;29;9,63333333333333;0,964305479332802;2;28
2016;"MUNICIPIO";430697;41;0;40;2;12;8;9;8;2;0;0;0;39;18;23;29;24,0487804878049;6,77108270335031;0;3;19;11;3;5;27;0;0;4;10;0;0;25;16;39;2;0;2;2;7;30;0;11;30;0;36;38;39;36,7560975609756;3,66592749386071;0;11;3;5;21;41;0;10;31;38;3;0;5;13;1;5;6;0;1;2;0;8;41;0;0;0;0;15;26;27;0;0;4;10;6;35;0;2700;3000;3230;2811,68292682927;741,545832670658;3;36;0;2;39;9,41463414634146;1,98715386616258;0;41
2016;"MUNICIPIO";430700;1321;0;1293;9;142;255;317;333;204;58;3;0;1312;23;29;33;28,3648750946253;6,81987571003284;0;25;268;603;91;334;1146;14;7;145;7;0;0;612;709;1295;26;2;4;15;136;1140;24;157;1140;24;38;39;40;38,3262679788039;2,21331687558951;4;136;108;107;955;18;1303;455;866;1249;71;1;169;336;158;162;283;29;31;26;1;126;1318;0;2;1;0;726;595;1146;14;7;145;7;141;1137;43;2845;3150;3470;3109,57834973505;569,938941533534;109;1072;109;14;1306;9,225;0,8205912363994;15;1301
2016;"MUNICIPIO";430705;32;0;32;0;5;6;9;6;5;1;0;0;32;23,75;27,5;34;27,9375;6,70068605057625;0;1;4;20;2;5;29;0;0;3;0;0;0;18;14;28;4;0;0;0;7;25;0;7;25;0;37;38;38;37,40625;1,88130659811978;0;4;0;2;26;32;0;10;22;28;4;0;3;7;1;2;7;2;2;4;0;4;32;0;0;0;0;16;16;29;0;0;3;0;6;26;0;2607,5;3077,5;3403,75;2995,9375;517,784420048693;2;26;0;1;31;8,84375;1,52631487471432;0;32
2016;"MUNICIPIO";430710;68;0;53;1;8;18;19;18;4;0;0;0;67;21;26;31;25,7647058823529;5,89742581602238;0;0;30;24;4;10;56;4;0;5;0;0;0;26;42;68;0;0;0;0;9;57;0;9;57;0;38;38;39;38,2121212121212;1,85235942279986;0;11;6;6;35;68;0;28;40;67;1;0;9;12;13;9;13;0;1;0;0;9;68;0;0;0;0;35;33;56;4;0;5;0;5;59;4;2937,5;3330;3585;3262,94117647059;506,051613270937;2;54;10;0;68;9,61764705882353;0,573791052632204;1;62
2016;"MUNICIPIO";430720;51;0;47;0;7;13;13;11;7;0;0;0;51;22,5;26;31,5;26,6862745098039;5,9346110102632;0;4;25;15;1;6;41;2;0;7;1;0;0;16;35;49;2;0;0;1;3;46;0;4;46;0;38;39;39;38,28;1,85208101378764;0;6;3;5;37;51;0;18;33;47;2;0;1;10;11;3;16;2;0;2;0;3;51;0;0;0;0;26;25;41;2;0;7;1;6;45;0;2775;3110;3422,5;3051,86274509804;530,015057129808;4;41;3;0;51;9,05882352941176;0,858178645874677;1;50
2016;"MUNICIPIO";430730;91;0;87;0;17;28;14;19;10;3;0;0;91;20;25;31;26,043956043956;7,02995509375904;0;3;48;24;5;11;87;0;0;4;0;0;0;40;51;91;0;0;0;0;12;75;4;12;75;4;37;38;39;38,1098901098901;1,59478698995996;0;15;1;1;73;91;0;14;77;90;1;0;5;32;7;6;28;0;1;0;0;12;91;0;0;0;0;57;34;87;0;0;4;0;5;83;3;2850;3130;3400;3128,84615384615;456,297951466824;8;73;8;0;90;9,54444444444444;0,67309633534449;0;89
2016;"MUNICIPIO";430740;33;0;22;0;5;8;7;7;5;1;0;0;33;21;25;33;26,8787878787879;7,15785222569232;0;1;17;7;4;4;28;0;0;5;0;0;0;13;20;31;2;0;0;0;6;25;1;6;25;1;37;38;40;38,15625;1,96926996461846;0;2;0;0;26;33;0;11;22;26;0;0;1;5;5;3;5;0;0;2;0;5;33;0;0;0;0;21;12;28;0;0;5;0;3;28;2;2900;3135;3380;3134,09090909091;465,897075787424;1;27;2;0;32;9,0625;0,669014682321166;0;33
2016;"MUNICIPIO";430745;27;0;26;0;8;2;5;7;3;2;0;0;27;19;29;33,5;27,2962962962963;8,16095212589436;0;4;7;12;0;4;26;0;0;1;0;0;0;9;18;27;0;0;0;0;5;21;1;5;21;1;37,5;38;39;38,2592592592593;1,78869511080849;0;4;2;0;21;27;0;11;16;27;0;0;1;5;3;4;9;0;0;0;0;5;27;0;0;0;0;12;15;26;0;0;1;0;1;24;2;3110;3495;3675;3382,33333333333;495,43213460574;0;23;4;0;27;9,14814814814815;0,533760512683624;0;27
2016;"MUNICIPIO";430750;185;0;184;3;36;36;41;35;26;6;2;0;182;21;27;33;26,7891891891892;7,31985773589867;1;1;56;76;9;42;184;0;0;1;0;0;0;88;97;177;8;0;0;4;15;156;10;19;156;10;37;38;39;38,2972972972973;2,22711629770995;1;6;0;10;167;43;142;9;176;48;133;4;9;10;1;6;11;57;72;8;4;7;185;0;0;0;0;90;95;184;0;0;1;0;24;160;1;2800;3060;3320;3007,08108108108;503,519891795357;22;150;5;1;184;9,6054054054054;0,766820775056062;0;185
2016;"MUNICIPIO";430755;67;0;61;0;7;10;18;17;12;3;0;0;67;24,5;29;33,5;29,1791044776119;6,31718525048293;1;8;8;30;1;19;56;9;0;2;0;0;0;31;36;67;0;0;4;0;9;54;0;13;54;0;37,5;38;39;37,4626865671642;3,41710651215658;0;5;4;8;46;49;18;24;43;63;4;0;8;20;6;4;14;1;3;0;0;11;67;0;0;0;0;33;34;56;9;0;2;0;7;59;1;2820;3030;3465;3010,94029850746;666,236259863935;5;53;9;2;65;9,44776119402985;1,07708335247011;0;66
2016;"MUNICIPIO";430760;651;0;634;1;74;139;164;156;87;28;2;0;650;22;28;33;28,0814132104455;6,65509464763608;0;14;161;331;58;87;605;15;1;29;1;0;0;298;353;632;19;0;3;7;76;559;4;86;559;4;38;39;40;38,3913713405239;2,10033495253003;2;77;22;29;514;264;387;202;449;608;35;6;72;170;63;91;131;12;21;16;6;65;650;0;1;0;0;327;324;605;15;1;29;1;55;551;45;2985;3285;3612,5;3240,45007680492;589,94218898973;31;516;83;6;645;9,35023041474654;0,863042440740705;8;641
2016;"MUNICIPIO";430770;1086;0;1054;8;126;256;289;239;133;32;3;0;1078;22;27;32;27,3360957642726;6,51763471317741;4;23;302;529;98;130;904;66;0;116;0;0;0;431;655;1051;35;0;9;13;113;932;18;135;932;18;38;39;40;38,3133640552995;2,32574556970014;10;241;42;57;709;475;611;455;631;1040;45;1;59;296;88;225;241;16;19;35;1;105;1082;1;3;0;0;561;525;904;66;0;116;0;92;917;77;2920;3270;3578,75;3223,33425414365;598,691509974791;59;843;145;8;1076;9,190036900369;0,743610765127102;15;1071
2016;"MUNICIPIO";430780;413;0;412;1;26;64;117;121;63;20;1;0;412;25;29;34;29,2154963680387;6,22471990699152;0;11;115;176;30;81;348;19;0;39;7;0;0;145;268;407;6;0;0;5;47;361;0;52;361;0;37;38;39;38,0750605326877;1,88805206257325;2;46;14;16;335;33;380;90;323;387;25;1;43;85;37;42;137;7;16;6;1;39;413;0;0;0;0;200;213;348;19;0;39;7;43;348;22;2860;3195;3545;3175,73365617433;568,835782397158;26;336;45;3;410;9,23002421307506;0,765055521428749;12;401
2016;"MUNICIPIO";430781;33;0;32;0;4;6;8;10;5;0;0;0;33;23;29;32;28,2424242424242;6,18481155245606;0;4;15;9;1;4;28;3;0;2;0;0;0;11;22;30;3;0;0;0;6;27;0;6;27;0;37;38;39;37,7272727272727;1,66344385374002;0;1;1;1;29;33;0;5;28;32;1;0;2;7;2;5;9;0;1;3;0;4;33;0;0;0;0;15;18;28;3;0;2;0;5;27;1;2750;3075;3465;3054,27272727273;566,915628242382;3;25;2;0;33;9,93939393939394;0,24230584229878;0;33
2016;"MUNICIPIO";430783;20;0;19;0;5;4;6;4;1;0;0;0;20;19,75;25,5;29,75;25,1;6,47992852462205;0;0;6;11;0;3;16;0;2;2;0;0;0;10;10;20;0;0;0;0;2;18;0;2;18;0;38;39;40;38,6;1,78885438199983;0;5;0;1;14;19;1;9;11;19;1;0;2;7;4;1;4;0;1;0;0;1;19;0;0;1;0;10;10;16;0;2;2;0;2;18;0;3017,5;3187,5;3355;3186,5;432,733356577393;0;18;2;0;19;9,42105263157895;0,606976978666884;0;20
2016;"MUNICIPIO";430786;23;0;23;0;0;7;6;7;2;1;0;0;23;23;29;33,5;28,7826086956522;6,08990611764575;0;0;5;14;2;2;21;0;0;2;0;0;0;14;9;23;0;0;0;0;3;20;0;3;20;0;37;38;39,5;38,1739130434783;1,74908219862573;0;2;2;1;18;23;0;6;17;22;1;0;3;8;0;2;6;1;0;0;0;3;23;0;0;0;0;13;10;21;0;0;2;0;1;21;1;3002,5;3180;3522,5;3220;491,017033587153;1;19;3;0;23;9,30434782608696;0,558795995356872;0;23
2016;"MUNICIPIO";430790;811;0;803;3;69;162;196;216;141;23;1;0;808;23;29;33;28,4648581997534;6,46832247402802;0;33;164;357;82;175;664;16;0;128;2;0;0;381;430;779;32;0;3;3;125;667;13;131;667;13;37;38;39;37,8902589395808;1,98737777654242;0;93;54;60;599;196;615;149;662;774;36;1;38;262;23;109;222;15;9;32;1;100;809;0;2;0;0;422;389;664;16;0;128;2;85;714;12;2830;3130;3433;3087,72379778052;526,933207436799;36;681;57;10;799;9,43634116192831;0,872412418537784;6;805
2016;"MUNICIPIO";430800;63;0;56;1;7;11;12;19;9;3;1;0;62;23;30;34;28,968253968254;7,27560717778438;0;2;19;22;6;14;45;6;0;11;0;0;0;22;41;63;0;0;1;0;4;58;0;5;58;0;37,5;38;39;38,031746031746;2,11727345947606;0;6;1;5;50;53;10;11;52;62;1;0;2;17;4;8;26;1;0;0;0;5;63;0;0;0;0;37;26;45;6;0;11;0;3;56;4;3005;3275;3595;3258,39682539683;542,922038592798;2;52;9;2;61;9,49206349206349;1,38974372054957;0;58
2016;"MUNICIPIO";430805;15;0;11;0;3;8;3;1;0;0;0;0;15;20,5;22;25;22,8;4,78390157567171;0;1;8;5;0;1;11;0;0;0;4;0;0;10;5;14;0;0;0;0;0;15;0;0;15;0;38;39;39;38,8;0,774596669241483;0;3;3;2;7;15;0;4;11;12;0;0;5;3;1;1;1;0;0;0;0;0;15;0;0;0;0;7;8;11;0;0;0;4;0;14;1;2985;3220;3400;3260;381,051177665153;0;13;1;0;15;9,93333333333333;0,258198889747161;0;15
2016;"MUNICIPIO";430807;61;0;61;0;11;12;13;13;9;3;0;0;61;23;27;33;27,6065573770492;6,89994852281423;0;0;29;28;2;2;57;2;0;1;1;0;0;17;44;59;2;0;0;1;11;49;0;12;49;0;37;39;39;37,8032786885246;2,35102581958846;0;2;1;3;55;61;0;18;43;57;4;0;5;8;9;4;21;1;1;2;0;10;61;0;0;0;0;27;34;57;2;0;1;1;8;50;3;2850;3205;3535;3155,80327868852;587,657094448572;0;52;7;0;61;9,36065573770492;0,659110180097529;1;60
2016;"MUNICIPIO";430810;151;0;145;0;12;29;45;35;24;6;0;0;151;24;29;33;28,6092715231788;6,41349983491466;0;4;41;66;16;24;125;5;0;20;0;0;0;77;74;146;5;0;0;1;19;129;2;20;129;2;38;39;39;38,2384105960265;1,91383945433091;1;19;6;9;115;85;66;24;127;141;8;1;20;45;13;12;35;3;3;5;1;13;150;0;1;0;0;81;70;125;5;0;20;0;14;127;10;2870;3230;3537,5;3178,03973509934;581,732560326418;12;116;18;0;151;9,47682119205298;0,746855069261257;0;150
2016;"MUNICIPIO";430820;350;0;349;1;36;68;67;102;64;12;0;0;349;23;30;34;28,6314285714286;6,71214403968632;0;7;104;141;26;72;304;17;0;29;0;0;0;181;169;343;7;0;2;0;42;300;6;44;300;6;37;38;39;38,1714285714286;1,97673741048534;0;39;17;17;277;119;231;67;283;339;10;0;5;149;1;52;90;5;3;7;0;37;348;1;1;0;0;198;152;304;17;0;29;0;28;315;7;2868,75;3170;3400;3113,36285714286;499,335463598084;18;305;17;2;347;9,48137535816619;0,771490831412956;4;346
2016;"MUNICIPIO";430825;17;0;17;0;2;4;4;2;4;1;0;0;17;22;27;35;28,6470588235294;7,35646974158282;0;2;7;6;1;1;16;1;0;0;0;0;0;8;9;17;0;0;0;0;0;17;0;0;17;0;38;39;39;38,7058823529412;0,685994340570035;0;3;3;1;10;17;0;2;15;17;0;0;2;6;1;2;6;0;0;0;0;0;17;0;0;0;0;11;6;16;1;0;0;0;1;16;0;2880;3025;3480;3144,88235294118;466,689120608267;3;12;2;0;17;9,88235294117647;0,332105582077536;0;17
2016;"MUNICIPIO";430830;97;0;93;2;21;19;21;23;7;4;0;0;95;20;26;30;25,9175257731959;7,11756937545627;2;8;39;37;5;6;92;0;0;5;0;0;0;41;56;95;2;0;2;0;10;84;1;12;84;1;38;39;40;38,2474226804124;2,76522651210172;1;14;9;15;54;97;0;38;59;82;15;0;8;21;13;13;16;5;8;2;0;11;96;0;0;1;0;50;47;92;0;0;5;0;8;87;2;2905;3350;3560;3193,14432989691;648,359837553106;4;82;9;3;94;9,38144329896907;1,14966751506207;2;95
2016;"MUNICIPIO";430840;73;0;71;0;14;17;12;18;11;1;0;0;73;21;27;32;26,7808219178082;6,83180181077695;0;1;22;38;3;8;51;12;0;9;0;0;0;32;41;71;2;0;0;2;6;64;1;8;64;1;38;39;40;38,4383561643836;2,13428560367439;1;23;2;3;44;71;2;30;43;72;1;0;11;16;8;5;23;0;1;2;0;7;70;0;1;2;0;41;32;51;12;0;9;0;6;64;3;3150;3350;3630;3297,06849315068;582,64374308375;3;59;9;1;72;9,45205479452055;0,834017983592596;1;72
2016;"MUNICIPIO";430843;22;0;21;0;0;6;7;3;4;2;0;0;22;24,25;27,5;35;29,1363636363636;6,49758529906416;0;1;10;9;0;2;21;0;0;1;0;0;0;7;15;22;0;0;0;0;2;20;0;2;20;0;38;38,5;39;38,3181818181818;1,49240501448927;0;0;2;1;18;22;0;6;16;18;4;0;2;5;0;7;2;0;4;0;0;2;22;0;0;0;0;9;13;21;0;0;1;0;1;20;1;3042,5;3267,5;3455;3224,77272727273;490,756164051062;1;18;3;1;21;9,40909090909091;1,14055504069983;0;22
2016;"MUNICIPIO";430845;49;0;47;0;6;6;11;14;11;1;0;0;49;25;30;34;29,0408163265306;6,32112590074436;0;2;8;27;3;9;45;0;0;4;0;0;0;20;29;47;2;0;0;0;8;41;0;8;41;0;37;38;38;37,5918367346939;1,80183202309643;0;14;7;4;22;49;0;2;47;48;1;0;3;12;3;5;18;0;1;2;0;5;49;0;0;0;0;26;23;45;0;0;4;0;10;38;1;2645;3000;3335;2971,26530612245;560,661728656051;5;39;3;1;48;9,46938775510204;1,29264007648956;0;49
2016;"MUNICIPIO";430850;397;0;350;1;37;83;100;106;50;18;2;0;396;24;29;33;28,367758186398;6,61004502360656;0;15;94;132;40;113;343;1;0;17;0;0;0;167;230;389;8;0;1;2;44;337;10;47;337;10;37;38;39;38,1624365482233;1,891190277022;1;32;16;35;307;100;297;58;339;377;17;2;22;115;36;49;106;8;8;8;2;40;396;1;0;0;0;218;179;344;1;0;17;0;38;343;16;2830;3105;3400;3111,52644836272;495,780684682016;29;322;31;5;390;9,21772151898734;0,847923634992806;5;391
2016;"MUNICIPIO";430860;417;0;401;2;36;78;110;97;81;13;0;0;415;24;29;34;28,7961630695444;6,41993474777214;0;11;82;191;35;96;359;17;0;36;1;0;0;214;203;396;19;0;2;4;46;360;2;52;360;2;38;39;39;38,1183574879227;2,03789788853523;1;53;9;32;316;130;287;100;315;384;29;1;76;93;46;33;86;11;12;19;1;35;417;0;0;0;0;227;190;359;17;0;36;1;46;358;13;2800;3148;3430;3092,85611510791;554,361056686388;19;352;23;5;411;9,32692307692308;0,930783400500296;2;414
2016;"MUNICIPIO";430865;18;0;17;0;4;6;4;3;1;0;0;0;18;22;24;27,75;24,5;5,87367006223537;0;3;7;6;1;1;17;0;0;1;0;0;0;7;11;18;0;0;0;0;3;15;0;3;15;0;37;38;39,75;38,0555555555556;2,0138409955991;0;6;1;1;10;18;0;9;9;18;0;0;4;2;5;0;4;0;0;0;0;3;18;0;0;0;0;6;12;17;0;0;1;0;1;16;1;2960;3245;3580;3230;463,033476111609;1;15;2;0;18;9,88888888888889;0,323380833381777;0;17
2016;"MUNICIPIO";430870;52;0;52;0;5;9;15;13;8;2;0;0;52;24;29;33,25;28,7692307692308;6,52781495020598;0;1;10;29;1;11;51;1;0;0;0;0;0;24;28;50;2;0;2;0;6;44;0;8;44;0;38;39;40;38,1923076923077;2,82869374369619;0;8;7;1;36;52;0;8;44;48;4;0;6;15;3;6;12;1;2;2;0;5;52;0;0;0;0;27;25;51;1;0;0;0;8;42;2;2816,25;3267,5;3546,25;3136,15384615385;727,710440815021;7;38;5;0;52;9,19230769230769;0,687092810994308;0;52
2016;"MUNICIPIO";430880;82;0;82;0;15;15;22;19;5;5;1;0;82;21;27;32;27,2682926829268;7,42210375901438;0;5;23;32;6;16;75;3;0;4;0;0;0;38;44;82;0;0;0;2;3;76;1;5;76;1;38;39;40;38,5609756097561;1,87970027145523;0;12;4;5;61;82;0;41;41;82;0;0;11;24;12;10;20;0;0;0;0;5;82;0;0;0;0;42;40;75;3;0;4;0;3;74;5;2855;3132,5;3407,5;3158,4756097561;515,675087331226;3;70;9;0;82;9,71951219512195;0,478536612991002;0;82
2016;"MUNICIPIO";430885;34;0;34;0;1;9;9;8;5;2;0;0;34;23,25;27;32,5;28,2058823529412;6,37123941020139;0;2;11;14;2;5;24;0;0;0;10;0;0;13;21;33;1;0;0;0;3;31;0;3;31;0;38;38,5;39;38,2352941176471;1,23236219413779;0;5;3;3;23;34;0;12;22;28;6;0;3;7;4;5;7;3;2;1;0;2;34;0;0;0;0;16;18;24;0;0;0;10;1;30;3;3096,25;3280;3482,5;3285,44117647059;433,43303220294;0;29;4;0;34;9,44117647058824;0,560907083030003;1;33
2016;"MUNICIPIO";430890;210;0;201;0;20;48;56;52;28;6;0;0;210;22;28;33;27,8095238095238;6,34584630466236;0;5;58;90;11;46;176;10;1;21;2;0;0;98;112;206;4;0;3;3;32;166;6;38;166;6;37;38;39;37,9095238095238;2,45464207467024;3;32;10;10;151;90;120;57;153;201;9;0;21;52;23;19;50;5;4;4;0;32;210;0;0;0;0;102;108;176;10;1;21;2;26;180;4;2852,5;3152,5;3447,5;3087,60952380952;610,067428938348;14;176;14;2;207;9,63157894736842;0,982127740564039;2;207
2016;"MUNICIPIO";430900;200;0;197;0;25;54;46;43;21;11;0;0;200;22;27;32,25;27,335;6,64783752197607;1;8;56;96;14;25;167;3;0;30;0;0;0;76;124;196;4;0;2;3;14;179;0;19;179;0;38;38;39;37,969696969697;2,20039011517857;1;33;7;12;144;92;108;17;183;189;11;0;13;53;4;25;74;4;5;4;0;16;200;0;0;0;0;101;99;167;3;0;30;0;20;175;5;2793,75;3110;3372,5;3042,975;544,584138397337;17;165;12;1;198;9,39698492462312;0,757581848612639;2;198
2016;"MUNICIPIO";430905;94;0;88;0;11;23;25;21;10;3;1;0;94;22;27;33;27,6489361702128;6,60353024974693;0;8;33;44;3;4;68;15;0;10;0;0;0;32;62;93;1;0;0;0;8;83;2;8;83;2;38;39;40;38,6129032258064;1,69418608177006;1;28;9;3;48;93;1;51;43;89;4;0;5;20;23;13;21;2;2;1;0;6;93;0;1;0;0;48;46;69;15;0;10;0;6;86;2;3001;3249;3553,75;3226,63829787234;491,286151665785;6;78;8;3;91;9,25531914893617;1,28628973987131;0;94
2016;"MUNICIPIO";430910;553;0;548;2;68;120;129;129;82;20;3;0;551;22;28;33;27,8643761301989;6,77255065754361;0;7;147;251;49;99;499;14;0;40;0;0;0;245;308;537;16;0;1;4;42;501;4;47;501;4;38;39;39;38,2789855072464;1,85354725983334;1;48;14;15;474;64;489;90;463;537;16;0;94;116;45;57;174;8;4;16;0;38;550;0;3;0;0;298;255;499;14;0;40;0;43;486;24;2935;3260;3510;3195,62386980108;530,415300381197;23;463;48;4;548;9,04166666666667;0,679010792537449;7;546
2016;"MUNICIPIO";430912;34;0;24;0;10;5;7;9;3;0;0;0;34;19;26,5;30;25,5882352941176;6,21882599784267;0;3;13;17;0;1;16;0;0;0;18;0;0;14;20;34;0;0;0;0;1;33;0;1;33;0;38;38;39;38,3529411764706;1,0410470527944;0;10;3;6;14;34;0;11;23;25;0;0;6;3;6;2;7;0;0;0;0;1;34;0;0;0;0;17;17;16;0;0;0;18;2;31;1;2917,5;3305;3532,5;3245,58823529412;441,199749831453;1;28;5;0;34;9,70588235294118;0,578891928193535;0;34
2016;"MUNICIPIO";430915;37;0;36;0;3;8;11;7;6;2;0;0;37;23;29;33;28,4054054054054;6,69352697038738;0;6;16;10;0;5;31;0;0;6;0;0;0;14;23;37;0;0;0;0;8;28;1;8;28;1;37;39;40;38,1621621621622;2,544203799418;0;12;6;3;15;37;0;13;24;36;1;0;0;9;7;7;6;1;0;0;0;7;37;0;0;0;0;14;23;31;0;0;6;0;6;28;3;2890;3260;3640;3187,97297297297;598,180643771246;2;29;5;1;36;9,02702702702703;0,927556122485513;1;36
2016;"MUNICIPIO";430920;3590;0;3457;18;472;849;881;816;443;108;3;0;3572;22;27;32;27,2206128133705;6,5928707294914;3;87;1052;1830;259;356;3059;324;0;205;1;0;0;1449;2141;3522;68;0;20;27;306;3220;16;353;3220;16;38;39;40;38,4664251880747;2,02927324387758;37;767;215;208;2246;1737;1853;1749;1841;3422;159;7;373;854;556;548;773;67;76;63;7;270;3580;0;7;3;0;1828;1762;3059;324;0;205;1;295;3087;208;2920;3246;3565;3208,48885793872;567,717261601878;191;2969;358;37;3545;9,41401451702959;0,904396236561927;40;3549
2016;"MUNICIPIO";430925;13;0;13;1;1;4;1;3;3;0;0;0;12;21;27;34;26,9230769230769;8,13901650960297;0;1;1;7;0;4;10;1;0;2;0;0;0;6;7;13;0;0;0;0;1;12;0;1;12;0;38;38;39;38;1,52752523165195;0;4;0;0;9;13;0;5;8;13;0;0;5;1;2;1;3;0;0;0;0;1;13;0;0;0;0;7;6;10;1;0;2;0;0;13;0;2960;3185;3500;3260,76923076923;421,899702505654;1;11;1;0;13;9,84615384615385;0,375533808099405;0;13
2016;"MUNICIPIO";430930;1364;0;1338;7;216;334;327;273;174;31;2;0;1357;21;27;32;26,7104105571848;6,68572422519244;1;34;403;697;109;119;1092;144;1;121;2;0;0;553;811;1339;25;0;11;14;116;1216;6;141;1216;6;38;39;39;38,3088774761555;2,18171593518369;9;276;78;89;897;1167;197;678;686;1308;51;3;155;312;199;195;310;17;29;23;3;119;1348;9;3;4;0;733;631;1093;144;1;121;2;122;1163;79;2910;3238;3555;3188,12829912023;583,252028916536;73;1130;134;13;1344;9,17391304347826;0,766632929425931;7;1357
2016;"MUNICIPIO";430940;312;0;306;1;36;51;72;90;51;9;2;0;311;24;29;34;28,7051282051282;6,76497310244159;0;9;65;145;15;78;276;3;1;32;0;0;0;149;163;300;12;0;0;2;30;279;1;32;279;1;37;38;39;38,0929487179487;1,6181292910353;0;37;7;16;252;59;253;69;243;298;13;1;42;83;18;36;88;7;3;11;1;23;312;0;0;0;0;149;163;276;3;1;32;0;31;272;9;2815;3100;3400;3101,79487179487;527,475083978371;14;267;19;1;311;9,35576923076923;0,776482329683464;1;311
2016;"MUNICIPIO";430950;89;0;89;0;14;12;14;31;13;5;0;0;89;24;30;34;28,9325842696629;6,88344151637066;1;5;24;38;2;19;83;0;0;5;1;0;0;35;54;89;0;0;0;0;12;73;4;12;73;4;38;39;39;38,4044943820225;1,88124173887401;0;3;4;1;81;25;64;27;62;63;26;0;5;14;10;10;13;12;14;0;0;11;89;0;0;0;0;41;48;83;0;0;5;1;7;79;3;3010;3250;3535;3233,68539325843;480,903212609206;5;74;8;0;89;9,78651685393258;0,46397271942627;0;89
2016;"MUNICIPIO";430955;63;0;55;0;5;11;15;20;11;0;1;0;63;25;30;34;29,4444444444444;6,22890705935816;0;6;9;29;7;11;59;1;0;1;0;0;0;28;35;63;0;0;0;1;2;60;0;3;60;0;38;39;40;38,6666666666667;1,57603012907176;0;12;2;1;48;63;0;17;46;59;1;0;7;20;7;8;14;0;1;0;0;3;63;0;0;0;0;39;24;59;1;0;1;0;3;53;7;3035;3295;3665;3343,26984126984;550,309332553188;3;51;9;0;63;9,61904761904762;0,521430149609379;2;60
2016;"MUNICIPIO";430957;39;0;34;0;12;7;5;6;8;1;0;0;39;18;26;34;26,2820512820513;8,11739107021305;0;5;20;8;0;6;38;0;0;1;0;0;0;16;23;39;0;0;1;0;1;37;0;2;37;0;38;39;39,5;38,4615384615385;2,46924401222375;0;11;2;5;18;39;0;15;24;36;3;0;4;7;3;7;13;3;0;0;0;2;38;0;0;1;0;20;19;38;0;0;1;0;1;34;3;2968,75;3260;3487,5;3213,65789473684;640,396468258227;2;32;4;1;38;9,17948717948718;0,99662047022596;1;38
2016;"MUNICIPIO";430960;217;0;213;1;19;35;74;50;30;8;0;0;216;24;28;33;28,3179723502304;6,37670090157292;0;2;33;107;27;48;206;1;0;10;0;0;0;102;115;211;6;0;1;4;25;185;2;30;185;2;38;39;39;38,1013824884793;2,09028793122686;1;26;15;9;164;105;112;39;178;205;12;0;9;70;5;32;59;6;6;6;0;24;217;0;0;0;0;107;110;206;1;0;10;0;25;183;9;2920;3190;3570;3173,45161290323;568,135896554165;11;176;24;4;213;9,36405529953917;0,958006300084648;3;213
2016;"MUNICIPIO";430965;85;0;85;0;16;18;21;15;13;2;0;0;85;22;26;33;26,7294117647059;6,91338976068855;0;3;31;46;2;3;67;5;0;13;0;0;0;32;53;85;0;0;0;0;7;74;4;7;74;4;38;39;40;38,7058823529412;1,83110381367922;0;15;11;11;48;85;0;35;50;82;3;0;15;12;15;7;26;2;1;0;0;7;84;0;0;1;0;41;44;67;5;0;13;0;7;72;6;3065;3320;3495;3250,38823529412;516,141778559176;7;68;10;0;85;9,71764705882353;0,569288710457481;0;85
2016;"MUNICIPIO";430970;41;0;41;0;1;6;8;17;7;2;0;0;41;28;32;34;30,8292682926829;5,56732628388345;0;0;10;15;4;12;41;0;0;0;0;0;0;17;24;41;0;0;0;0;1;40;0;1;40;0;38;39;40;39,0487804878049;1,39555042030367;0;9;3;2;27;41;0;13;28;41;0;0;5;11;4;5;15;0;0;0;0;1;41;0;0;0;0;27;14;41;0;0;0;0;1;37;3;2980;3295;3592;3316,56097560976;450,594110524122;1;35;5;0;41;9,26829268292683;0,548834685670578;0;41
2016;"MUNICIPIO";430975;57;0;53;1;9;9;15;13;9;1;0;0;56;22;28;33;27,4210526315789;7,11875633304886;0;7;27;15;0;8;54;0;0;2;0;0;0;25;32;55;2;0;0;0;6;51;0;6;51;0;38;38;39;38,1578947368421;1,44900795724191;1;6;4;9;37;57;0;9;48;54;2;1;4;14;8;7;14;2;0;2;1;5;57;0;0;0;0;32;25;54;0;0;2;0;3;53;1;2920;3140;3540;3210,08771929825;460,970919469429;3;46;6;0;57;9,78947368421053;0,700429513769514;0;57
2016;"MUNICIPIO";430980;32;0;29;0;2;6;9;9;5;1;0;0;32;24,75;28,5;34;29,53125;6,09592341307406;0;1;8;15;2;6;31;0;0;1;0;0;0;17;15;30;2;0;0;0;5;27;0;5;27;0;38;38;39;38,125;1,75517667523538;0;1;2;0;29;32;0;8;23;26;4;0;2;9;3;0;6;0;4;2;0;4;32;0;0;0;0;17;15;31;0;0;1;0;2;30;0;3038,75;3317,5;3652,5;3261,71875;468,280329219444;2;23;5;0;32;9,875;0,421211769587116;0;32
2016;"MUNICIPIO";430990;70;0;37;1;7;10;14;24;9;5;0;0;69;24,25;30;33;29,0285714285714;7,00925150249717;0;6;12;32;1;17;56;1;0;2;9;0;0;32;38;67;3;0;0;1;10;55;0;11;55;0;37;38;39;37,7575757575758;2,02340616144473;0;7;3;5;53;70;0;11;59;41;5;0;3;12;3;5;12;3;1;3;0;3;70;0;0;0;0;37;33;56;1;0;2;9;6;62;2;2911,25;3212,5;3508,75;3145,4;597,051970160441;4;53;6;1;69;9,47142857142857;1,04564560975544;0;65
2016;"MUNICIPIO";430995;33;0;31;0;6;11;8;7;1;0;0;0;33;22;24;29;24,969696969697;5,06510641845786;0;1;11;11;2;8;32;0;0;1;0;0;0;17;16;33;0;0;1;0;2;30;0;3;30;0;38;39;39;38,1818181818182;2,56727659026235;0;4;1;3;24;33;0;11;22;30;3;0;3;10;3;2;10;2;1;0;0;2;33;0;0;0;0;20;13;32;0;0;1;0;3;28;2;2790;3235;3340;3079,39393939394;680,602625407896;2;29;2;1;32;9,27272727272727;0,801277389263827;1;31
2016;"MUNICIPIO";431000;226;0;225;0;31;40;52;67;29;6;1;0;226;23;28;33;27,8893805309735;6,44644071071586;1;5;59;94;12;55;221;1;0;4;0;0;0;114;112;222;4;0;0;4;13;208;1;17;208;1;38;39;39;38,4513274336283;1,89498120983931;1;18;8;18;181;69;157;55;171;207;18;1;29;68;26;13;56;10;8;4;1;11;226;0;0;0;0;126;100;221;1;0;4;0;22;194;10;2816,25;3101,5;3450;3112,6017699115;524,88549506553;23;186;13;0;226;9,61946902654867;0,578405226206548;1;224
2016;"MUNICIPIO";431010;487;0;471;2;74;104;120;103;69;15;0;0;485;22;27;33;27,2669404517454;6,7800994416626;0;22;184;195;48;36;423;13;0;49;0;0;0;201;286;483;4;0;0;1;28;453;5;29;453;5;38;39;40;38,6919917864476;1,37870247342219;1;87;32;31;331;290;197;149;338;470;17;0;45;131;43;60;164;10;5;4;0;25;487;0;0;0;0;261;226;423;13;0;49;0;30;423;34;2962,5;3280;3580;3274,90965092402;504,515001642148;31;396;55;3;484;9,47843942505133;0,758387413568917;7;472
2016;"MUNICIPIO";431020;1210;0;1205;7;140;267;302;296;149;47;2;0;1203;23;28;33;27,6776859504132;6,57301659540667;3;19;242;570;118;258;1061;11;0;138;0;0;0;568;642;1181;29;0;6;18;88;1098;0;112;1098;0;38;39;39;38,402479338843;2,03301789346673;3;116;80;94;912;18;1192;428;782;1149;54;7;86;396;63;225;273;17;29;28;7;86;1210;0;0;0;0;614;596;1061;11;0;138;0;117;1049;44;2896,25;3192,5;3473,75;3138,26859504132;551,300268930872;81;1014;86;10;1200;9,21322314049587;0,782875249135458;9;1201
2016;"MUNICIPIO";431030;46;0;46;0;2;4;15;16;7;2;0;0;46;26;31;33,75;30,0869565217391;5,62070018159668;0;2;10;25;0;9;46;0;0;0;0;0;0;14;32;46;0;0;0;0;2;44;0;2;44;0;38;38,5;39;38,4347826086956;1,55852029414005;0;1;1;1;43;14;32;10;36;37;9;0;1;6;1;11;16;6;3;0;0;2;46;0;0;0;0;24;22;46;0;0;0;0;3;39;4;2968,75;3285;3690;3314,34782608696;535,94631644063;1;38;7;1;45;9,34782608695652;1,03746253060795;0;46
2016;"MUNICIPIO";431033;276;0;267;1;44;56;63;66;39;7;0;0;275;22;27;33;27,2898550724638;6,787906785186;0;6;96;114;23;37;252;10;1;13;0;0;0;95;181;272;3;0;0;6;21;245;3;27;245;3;38;39;40;38,5236363636364;2,03849483226095;1;57;19;20;173;274;2;138;138;261;15;0;22;62;32;57;65;3;10;3;0;21;274;0;2;0;0;149;127;252;10;1;13;0;24;232;20;2935;3262,5;3586,25;3235,05072463768;596,782930812003;19;217;34;3;272;9,40727272727273;0,974839411340719;3;271
2016;"MUNICIPIO";431036;16;0;16;0;2;2;4;4;3;1;0;0;16;24,5;29,5;33,5;28,75;7;0;0;3;12;1;0;13;3;0;0;0;0;0;4;12;16;0;0;1;0;4;11;0;5;11;0;35,5;38;39,25;36,875;4,44034533191583;0;1;2;1;12;16;0;2;14;14;1;1;2;1;1;0;6;0;1;0;1;4;16;0;0;0;0;9;7;13;3;0;0;0;3;11;2;2805;3240;3725;3132,1875;877,116428512582;0;12;4;2;14;8,625;1,62788205960997;0;16
2016;"MUNICIPIO";431040;70;0;70;1;11;11;23;14;9;1;0;0;69;22;27;32;27,0285714285714;6,47844011590782;0;2;24;31;4;9;60;1;0;9;0;0;0;21;49;70;0;0;0;0;8;62;0;8;62;0;38;39;39,75;38,4428571428571;1,74152785066975;0;8;4;6;52;70;0;8;62;67;3;0;0;18;3;15;23;0;3;0;0;8;70;0;0;0;0;31;39;60;1;0;9;0;3;62;5;2970;3152,5;3457,5;3230,28571428571;435,224318069817;3;58;9;0;70;9,2;0,469350460820551;0;70
2016;"MUNICIPIO";431041;25;0;24;0;4;3;8;4;5;1;0;0;25;23;28;33;28,44;6,97662764760549;0;5;7;8;1;4;20;1;0;4;0;0;0;11;14;25;0;0;0;0;2;22;1;2;22;1;37;38;39;38,2;1,5545631755148;0;5;3;6;11;25;0;11;14;22;3;0;3;4;6;3;4;2;1;0;0;2;25;0;0;0;0;12;13;20;1;0;4;0;1;22;2;3020;3350;3515;3322,4;561,62917777955;2;19;4;0;24;9,08333333333333;0,408248290463863;0;25
2016;"MUNICIPIO";431043;58;0;57;0;6;9;15;16;10;2;0;0;58;24,25;29;33;28,7586206896552;6,2976195581516;0;2;16;21;3;16;46;4;0;7;1;0;0;25;33;56;2;0;1;1;12;40;4;14;40;4;37;38;39;37,6896551724138;2,72227263514522;0;10;2;2;44;58;0;6;52;57;1;0;1;16;2;12;13;1;0;2;0;11;58;0;0;0;0;27;31;46;4;0;7;1;8;48;2;2812,5;3127,5;3410;3043,84482758621;682,180477270691;5;43;7;1;56;9,28070175438597;0,700876644050462;2;56
2016;"MUNICIPIO";431046;14;0;14;0;2;1;4;2;4;1;0;0;14;26,25;29,5;35,75;29,8571428571429;7,75447407190637;0;0;2;6;0;6;12;1;0;1;0;0;0;7;7;14;0;0;0;0;2;12;0;2;12;0;38;39;39;38,3571428571429;1,49908396938022;0;2;0;1;11;14;0;2;12;13;1;0;1;5;2;2;2;1;0;0;0;1;14;0;0;0;0;8;6;12;1;0;1;0;2;12;0;2757,5;2910;3410;2981,28571428571;575,596737651982;1;12;1;0;14;9,57142857142857;0,646206172658864;0;14
2016;"MUNICIPIO";431050;95;0;94;2;21;19;18;21;11;3;0;0;93;20;27;32;26,3578947368421;7,3265994397472;0;12;37;31;5;10;68;2;0;3;22;0;0;32;63;95;0;0;0;2;10;82;1;12;82;1;37;38;39;38,0526315789474;1,93164256556947;0;9;6;7;72;45;50;25;70;88;6;1;18;9;16;8;27;2;4;0;1;10;95;0;0;0;0;51;44;68;2;0;3;22;6;86;3;2865;3215;3480;3166,94736842105;494,383505380122;7;81;7;0;95;9,69473684210526;0,685312232156346;0;95
2016;"MUNICIPIO";431053;52;0;51;1;5;11;12;15;7;1;0;0;51;22,75;29;33;27,8076923076923;6,45357010647249;0;3;10;27;4;8;47;1;0;4;0;0;0;18;34;48;4;0;0;0;9;41;2;9;41;2;37;38;39;38,0576923076923;1,84085936388056;2;9;1;6;33;52;0;16;36;52;0;0;6;8;5;7;17;0;0;4;0;5;52;0;0;0;0;24;28;47;1;0;4;0;3;47;2;2915;3195;3481,25;3204,51923076923;426,925005600796;1;37;9;0;52;9,67307692307692;0,648411447872046;0;52
2016;"MUNICIPIO";431055;31;0;31;0;5;11;6;6;3;0;0;0;31;21;24;30;25,1290322580645;5,94834394591677;0;2;12;12;1;4;24;0;0;7;0;0;0;15;16;31;0;0;0;0;3;27;1;3;27;1;38;39;40;38,7741935483871;1,70703793004832;0;8;0;5;18;31;0;5;26;30;1;0;6;8;1;5;8;0;1;0;0;2;31;0;0;0;0;16;15;24;0;0;7;0;3;27;1;2917,5;3245;3575;3206,45161290323;572,184692717872;2;26;3;0;31;9,48387096774194;0,569851895491889;1;30
2016;"MUNICIPIO";431057;16;0;16;0;1;6;3;5;1;0;0;0;16;23;26;30,5;26,375;5,38980519128475;0;0;8;7;0;1;13;0;0;3;0;0;0;5;11;16;0;0;0;0;2;13;1;2;13;1;37;39;39,25;38,4375;1,89626826512847;0;4;0;0;12;16;0;1;15;12;4;0;1;1;1;1;7;3;1;0;0;1;16;0;0;0;0;6;10;13;0;0;3;0;0;16;0;3035;3140;3482,5;3200,9375;307,252440999254;1;14;1;0;16;9,5625;0,629152869605896;0;16
2016;"MUNICIPIO";431060;561;0;542;5;116;138;116;113;58;14;1;0;556;20;25;31;26,0231729055258;6,87005650218865;1;22;229;226;29;49;506;5;0;48;1;0;0;216;345;549;11;0;2;3;59;475;16;64;475;16;38;39;40;38,5369369369369;2,1319271433122;2;113;21;30;392;65;496;163;398;547;13;0;141;38;100;17;181;7;5;11;0;55;561;0;0;0;0;296;265;506;5;0;48;1;53;475;33;2900;3250;3575;3193,52228163993;614,330463029641;51;434;58;3;554;9,39497307001795;0,812565353869732;1;560
2016;"MUNICIPIO";431065;33;0;33;0;6;7;6;12;2;0;0;0;33;22;28;32;26,7272727272727;6,13021577552907;0;1;9;15;1;7;30;1;0;2;0;0;0;16;17;33;0;0;0;0;2;31;0;2;31;0;38;39;40;38,8787878787879;1,40884650861919;0;1;5;3;24;33;0;13;20;32;1;0;10;5;5;5;6;0;1;0;0;1;33;0;0;0;0;19;14;30;1;0;2;0;3;28;2;3020;3495;3790;3367,06060606061;560,359256381227;3;22;8;0;33;9,42424242424242;0,662867965279617;0;33
2016;"MUNICIPIO";431070;29;0;27;0;2;5;11;4;5;2;0;0;29;26;28;34;28,6551724137931;6,41580560618498;0;1;6;12;1;9;28;0;0;1;0;0;0;9;20;27;2;0;0;1;1;27;0;2;27;0;38;39;40;38,5172413793103;2,21392814529115;0;6;3;2;17;29;0;8;21;26;2;0;4;3;0;3;13;1;1;2;0;1;29;0;0;0;0;22;7;28;0;0;1;0;2;26;1;2815;3180;3475;3125,68965517241;539,589334815196;2;22;3;0;29;9,06896551724138;0,65088041927611;1;28
2016;"MUNICIPIO";431075;13;0;13;0;3;1;1;5;3;0;0;0;13;24;32;34;28,7692307692308;7,70447755262966;0;0;4;8;0;1;12;0;0;1;0;0;0;5;8;13;0;0;0;0;2;11;0;2;11;0;37;38;38;37,6153846153846;1,44559454541846;1;6;0;0;6;13;0;5;8;13;0;0;1;3;0;1;6;0;0;0;0;2;13;0;0;0;0;7;6;12;0;0;1;0;3;10;0;2710;3000;3225;2925;605,547273133981;1;11;1;0;13;9,76923076923077;0,438529009653515;0;13
2016;"MUNICIPIO";431080;285;0;277;0;20;41;67;104;45;8;0;0;285;26;30;34;29,4561403508772;5,71096725804708;0;2;51;125;27;79;279;3;0;3;0;0;0;149;136;281;4;0;1;2;36;245;1;39;245;1;37;38;39;38,0736842105263;2,05680991163547;0;27;3;16;235;241;44;59;226;264;21;0;39;77;15;33;70;11;8;4;0;28;284;0;1;0;0;152;133;279;3;0;3;0;27;245;13;2880;3190;3570;3161,2701754386;590,388020522417;17;236;28;1;282;9,46289752650177;0,720422512033684;2;283
2016;"MUNICIPIO";431085;27;0;27;0;4;4;10;6;2;1;0;0;27;22,5;28;30,5;27,1851851851852;6,26981190392035;0;2;13;5;0;7;26;1;0;0;0;0;0;12;15;25;2;0;0;2;3;22;0;5;22;0;37,5;38;39;37,5555555555556;2,53184841770917;1;0;0;0;26;27;0;2;25;24;2;1;1;8;2;3;6;1;1;2;1;2;27;0;0;0;0;10;17;26;1;0;0;0;4;23;0;2745;3050;3282,5;2925,37037037037;608,762815259084;2;22;1;0;27;9,44444444444444;0,751067616198811;0;27
2016;"MUNICIPIO";431087;15;0;15;0;3;6;3;3;0;0;0;0;15;21;24;29;24,4;5,0539941771689;0;0;1;11;2;1;14;0;0;1;0;0;0;6;9;15;0;0;0;0;2;13;0;2;13;0;37;38;39,5;38,2;2,11119465164699;0;2;0;1;12;15;0;2;13;4;11;0;0;0;2;0;0;5;6;0;0;2;15;0;0;0;0;8;7;14;0;0;1;0;3;12;0;2630;2870;3100;2848;381,958299892989;2;13;0;0;15;9,66666666666667;0,723746864455746;0;15
2016;"MUNICIPIO";431090;27;0;27;0;5;5;3;8;4;2;0;0;27;21,5;31;34;28,3703703703704;8,30730979387407;0;0;8;10;0;9;20;0;0;7;0;0;0;12;15;27;0;0;0;0;4;22;1;4;22;1;37,5;39;39,5;38,2592592592593;1,97274881617957;0;4;1;4;18;26;1;11;16;26;1;0;3;6;1;7;6;1;0;0;0;3;26;0;0;1;0;10;17;20;0;0;7;0;2;24;1;2875;3250;3475;3151,11111111111;519,665819640434;1;24;2;0;27;9,33333333333333;0,784464540552736;0;27
2016;"MUNICIPIO";431100;308;0;265;0;37;90;68;69;31;12;1;0;308;22;26;32;27,1428571428571;6,65377223608934;0;12;89;127;29;48;277;10;0;13;0;0;0;127;181;300;8;0;2;4;34;255;8;40;255;8;38;39;40;38,4521452145215;2,43393238192232;2;64;27;27;158;101;207;136;172;288;20;0;48;46;46;25;78;9;9;8;0;34;308;0;0;0;0;158;150;277;10;0;13;0;30;263;15;2903,75;3222,5;3561,25;3182,16558441558;592,323247197015;15;245;33;1;307;9,45454545454546;0,906659466837816;4;289
2016;"MUNICIPIO";431110;71;0;71;0;6;17;24;14;7;3;0;0;71;23;27;31;27,1971830985915;6,15193283984765;0;2;21;35;5;8;59;1;0;11;0;0;0;33;38;70;1;0;0;3;9;57;2;12;57;2;37;38;39;37,887323943662;2,56653905803487;0;7;3;3;58;53;18;21;50;67;4;0;12;16;7;8;14;1;3;1;0;9;69;1;0;1;0;38;33;59;1;0;11;0;4;65;2;2902,5;3165;3475;3150,67605633803;457,805503762956;3;57;10;0;71;9,54929577464789;0,692587949946043;1;70
2016;"MUNICIPIO";431112;55;0;44;0;13;19;6;9;6;2;0;0;55;20;23;30;25,0545454545455;7,11653833300418;0;4;26;20;0;4;49;1;0;5;0;0;0;25;30;53;2;0;0;1;2;49;1;3;49;1;38;40;40;38,9622641509434;2,07514841129073;0;14;4;4;27;54;1;31;24;49;2;0;5;11;10;10;6;0;2;2;0;3;55;0;0;0;0;29;26;49;1;0;5;0;8;45;2;2792,5;3120;3442,5;3123,90909090909;603,59777116907;8;37;6;0;55;9,10909090909091;0,598539186895193;0;55
2016;"MUNICIPIO";431113;29;0;27;0;7;5;8;5;3;1;0;0;29;20;27;31;26,7241379310345;7,01476275804992;0;3;11;9;2;4;24;1;0;4;0;0;0;12;17;29;0;0;0;0;2;26;0;2;26;0;37;38;39;38,3928571428571;1,42307142306079;0;8;1;0;20;29;0;8;21;27;2;0;3;9;2;3;7;0;2;0;0;2;28;0;0;1;0;21;8;24;1;0;4;0;4;22;3;2875;3100;3500;3183,62068965517;508,755302800943;1;22;5;1;27;9,46428571428571;0,961562881252794;0;29
2016;"MUNICIPIO";431115;91;0;90;0;9;21;23;20;13;5;0;0;91;23;27;33;28,1648351648352;6,9173915062186;0;6;30;40;5;10;71;2;0;18;0;0;0;32;59;87;4;0;2;2;6;81;0;10;81;0;38;39;40;38,2307692307692;2,47690184202821;0;15;1;4;70;89;2;41;50;89;1;1;4;23;13;19;20;0;1;4;1;6;89;0;0;2;0;50;41;71;2;0;18;0;10;70;11;2817,5;3270;3690;3247,6043956044;693,891552191469;7;60;20;1;90;9,16483516483516;0,763962422923133;0;91
2016;"MUNICIPIO";431120;206;0;196;3;30;59;46;43;20;5;0;0;203;21;26;31;26,0873786407767;6,49969124387366;0;6;86;78;17;19;163;9;0;32;0;0;0;87;119;202;4;0;2;1;26;168;8;29;168;8;37;39;40;38,2585365853659;2,28517983264502;2;55;4;7;135;129;77;76;130;194;10;1;24;54;27;21;43;2;7;4;1;21;203;0;2;1;0;104;102;163;9;0;32;0;21;181;4;2846,25;3177,5;3462,5;3129,20388349515;559,038527564888;13;167;18;2;201;9,7192118226601;0,67850692916789;2;204
2016;"MUNICIPIO";431123;23;0;22;0;5;8;3;1;5;1;0;0;23;20,5;23;34;26,1739130434783;7,94098788171531;0;3;7;12;0;1;20;3;0;0;0;0;0;13;10;21;2;0;0;0;5;18;0;5;18;0;37,5;38;39;37,5652173913044;2,21207609100841;0;1;2;2;17;23;0;6;17;21;2;0;5;4;4;1;3;1;0;2;0;3;23;0;0;0;0;13;10;20;3;0;0;0;0;22;1;2930;3450;3670;3357,82608695652;455,259232063938;0;16;5;0;23;9,8695652173913;0,344350221575091;0;23
2016;"MUNICIPIO";431125;65;0;59;1;15;21;14;9;3;2;0;0;64;20;24;28;24,6615384615385;6,38425045296265;1;10;27;22;2;3;55;4;0;6;0;0;0;37;28;65;0;0;0;0;10;54;1;10;54;1;38;39;40;38,4153846153846;1,8276719113081;0;9;1;13;36;65;0;23;42;60;5;0;5;24;10;3;8;3;2;0;0;10;65;0;0;0;0;32;33;55;4;0;6;0;4;59;2;2870;3180;3460;3163,63076923077;426,785388443022;6;50;9;1;64;9,63076923076923;0,719575195193985;2;63
2016;"MUNICIPIO";431127;28;0;27;0;2;5;7;7;6;1;0;0;28;24,75;29,5;34,25;29,2857142857143;6,3936145393906;0;0;2;18;0;8;28;0;0;0;0;0;0;9;19;28;0;0;0;0;2;26;0;2;26;0;37;38;39;38,1428571428571;1,11269728052837;0;9;2;0;16;28;0;3;25;26;2;0;2;6;2;3;12;1;1;0;0;1;28;0;0;0;0;14;14;28;0;0;0;0;1;26;1;2786,25;3165;3532,5;3154,46428571429;446,192408433756;1;25;2;0;28;9,57142857142857;0,50395263067897;0;28
2016;"MUNICIPIO";431130;394;0;188;2;75;101;94;76;33;12;1;0;392;21;25,5;31;26,0558375634518;6,82883639785072;1;7;132;175;13;55;368;4;2;11;1;0;0;172;222;389;5;0;6;8;58;274;11;72;274;11;37;38;39;37,6078431372549;2,92370111332264;1;80;21;24;251;46;348;83;311;221;12;0;18;53;17;38;41;4;3;5;0;40;394;0;0;0;0;212;182;368;4;2;11;1;58;329;7;2700;3025;3337,5;2984,12436548223;570,31078288423;31;287;31;5;389;9,6243654822335;0,894435855537239;1;363
2016;"MUNICIPIO";431140;1161;0;1157;1;96;204;291;318;196;53;2;0;1160;24;29;34;29,0111972437554;6,44745702582456;0;21;259;462;121;298;1024;54;0;74;9;0;0;559;602;1118;43;0;7;8;122;1015;9;137;1015;9;38;39;40;38,3333333333333;2,11765973627037;2;101;33;53;970;204;957;354;807;1079;80;2;78;375;65;175;250;33;41;41;2;101;1159;0;2;0;0;600;561;1024;54;0;74;9;107;991;63;2920;3250;3580;3213,91903531438;567,594011952721;50;945;123;8;1153;9,6442721791559;0,764562309988299;18;1142
2016;"MUNICIPIO";431142;30;0;27;0;8;12;5;3;2;0;0;0;30;19,25;23;25,75;23,4333333333333;5,39912721767543;1;0;10;12;3;3;26;0;0;1;2;0;0;16;14;30;0;0;0;0;3;27;0;3;27;0;38;39;39;38,4;1,27576886891653;0;4;0;0;26;30;0;4;26;30;0;0;9;4;1;1;12;0;0;0;0;3;30;0;0;0;0;19;11;26;0;0;1;2;4;24;2;2732,5;3245;3482,5;3184,9;550,510693936032;4;24;2;0;30;9,2;0,610257153258729;1;29
2016;"MUNICIPIO";431150;67;0;65;3;10;16;21;10;5;2;0;0;64;20;25;29,5;25,6567164179104;6,8258693281537;0;1;27;34;3;2;44;14;0;8;1;0;0;32;35;65;2;0;1;0;3;63;0;4;63;0;38;39;40;38,5820895522388;2,19606572272452;0;17;11;5;34;60;7;29;38;66;1;0;10;18;15;6;12;0;0;2;0;4;66;0;0;1;0;29;38;44;14;0;8;1;8;57;2;2900;3310;3580;3164,55223880597;653,598275367288;9;49;7;3;64;9,56716417910448;1,00338639641745;0;65
2016;"MUNICIPIO";431160;61;0;51;0;7;12;21;11;6;4;0;0;61;23;27;32;27,4918032786885;7,03946719295258;0;2;18;29;2;10;52;1;0;0;8;0;0;21;40;59;2;0;0;0;13;47;1;13;47;1;37;38;39;37,8032786885246;1,95635436574553;0;3;2;4;48;61;0;25;36;58;1;0;4;11;7;12;11;1;0;2;0;11;61;0;0;0;0;27;34;52;1;0;0;8;8;52;1;2860;3225;3555;3145,24590163934;502,474233360534;2;52;5;0;61;9,24590163934426;0,674678632261761;0;61
2016;"MUNICIPIO";431162;81;0;77;0;8;19;18;23;11;2;0;0;81;22;27;33;27,8888888888889;6,39921870231046;0;1;29;41;7;3;73;4;0;4;0;0;0;36;45;81;0;0;0;0;8;73;0;8;73;0;38;39;40;38,6913580246914;1,54630184075298;0;12;1;5;62;81;0;31;50;79;2;0;10;23;6;17;15;0;2;0;0;8;81;0;0;0;0;46;35;73;4;0;4;0;5;64;12;3045;3355;3780;3375,51851851852;541,749160384931;6;58;17;0;81;9,60493827160494;0,516696534381619;2;78
2016;"MUNICIPIO";431164;11;0;11;0;0;2;3;5;1;0;0;0;11;25,5;33;33,5;29,8181818181818;5,7064556743776;0;0;3;7;1;0;11;0;0;0;0;0;0;5;6;11;0;0;0;0;1;9;1;1;9;1;37,5;39;39,5;38,7272727272727;1,9021518914592;0;1;0;0;10;11;0;2;9;11;0;0;0;5;2;2;1;0;0;0;0;1;11;0;0;0;0;6;5;11;0;0;0;0;0;11;0;3135;3180;3437,5;3275,90909090909;254,045450479025;0;9;1;0;11;9,36363636363636;0,674199862463242;0;11
2016;"MUNICIPIO";431170;60;0;60;0;8;14;16;13;5;4;0;0;60;22,75;27;31,25;27,45;6,735750810641;0;4;22;23;2;9;55;0;0;5;0;0;0;25;35;60;0;0;0;0;3;57;0;3;57;0;38;39;39;38,65;1,36325880751645;0;3;2;5;50;59;1;23;37;57;2;1;8;13;13;5;15;0;2;0;1;3;59;0;1;0;0;33;27;55;0;0;5;0;3;51;6;2886,25;3172,5;3480;3235,36666666667;542,985718408394;3;51;6;0;60;9,68333333333333;0,503939284299098;3;57
2016;"MUNICIPIO";431171;61;0;61;0;13;16;17;5;6;4;0;0;61;20;25;29;25,6229508196721;7,43676438250361;0;1;21;29;2;8;59;0;0;2;0;0;0;27;34;59;2;0;2;1;6;52;0;9;52;0;38;39;39;37,9508196721311;2,80134628055986;0;6;11;17;27;61;0;12;49;58;3;0;5;18;7;3;18;1;0;2;0;7;61;0;0;0;0;38;23;59;0;0;2;0;11;48;2;2755;3075;3375;2975,98360655738;690,546775915127;5;51;3;1;60;9,62295081967213;0,839919329980158;2;59
2016;"MUNICIPIO";431173;34;0;34;0;2;11;9;5;6;1;0;0;34;23,25;26,5;32,25;27,7647058823529;6,37256821606871;0;5;11;15;2;1;32;0;0;2;0;0;0;10;24;32;2;0;0;0;3;29;2;3;29;2;37,25;39;40;38,7647058823529;2,03095474681262;0;0;3;2;29;34;0;12;22;32;1;1;0;9;3;9;9;0;1;2;1;0;34;0;0;0;0;14;20;32;0;0;2;0;4;27;3;3021,25;3382,5;3618,75;3258,26470588235;708,991785601153;2;27;3;1;33;9,26470588235294;0,827878761780234;0;34
2016;"MUNICIPIO";431175;52;0;52;0;7;11;11;18;4;1;0;0;52;22,75;28;33;27,6923076923077;6,47631722248178;0;3;19;17;1;12;41;2;0;9;0;0;0;23;29;52;0;0;1;0;10;41;0;11;41;0;37;38;39;37,3653846153846;2,19651101374069;1;16;1;3;31;52;0;5;47;49;3;0;5;15;5;5;9;1;2;0;0;10;52;0;0;0;0;29;23;41;2;0;9;0;8;43;1;2796,25;3157,5;3651,25;3111,34615384615;645,32186480903;2;40;10;0;52;9,03846153846154;0,558763988254554;0;52
2016;"MUNICIPIO";431177;55;0;54;1;7;18;8;13;7;1;0;0;54;21;25;31,5;26,2181818181818;6,83859122673157;0;2;27;15;2;8;52;2;0;0;1;0;0;15;40;52;3;0;0;0;3;51;1;3;51;1;38;39;40;38,9090909090909;1,37803842435177;1;6;3;4;41;55;0;23;32;51;4;0;7;7;7;8;18;0;3;3;0;2;55;0;0;0;0;29;26;52;2;0;0;1;0;51;4;2910;3205;3567,5;3239,50909090909;421,306076506155;3;43;5;0;55;9,74545454545455;0,479898979268586;2;53
2016;"MUNICIPIO";431179;23;0;23;0;0;3;8;6;5;1;0;0;23;27,5;30;34;30,0869565217391;5,08932075730652;0;1;6;10;3;3;22;0;0;1;0;0;0;10;13;23;0;0;0;0;2;21;0;2;21;0;38;39;39;38,695652173913;1,3292096971405;0;4;1;1;17;23;0;4;19;22;1;0;2;7;1;3;7;1;0;0;0;2;23;0;0;0;0;12;11;22;0;0;1;0;1;20;2;3212,5;3630;3800;3517,52173913043;545,365087855267;0;18;5;1;22;9,52173913043478;0,897955517089759;0;23
2016;"MUNICIPIO";431180;486;0;485;2;48;93;126;126;77;13;1;0;484;24;28;33;28,2777777777778;6,42763043350275;0;10;103;218;37;118;455;16;0;15;0;0;0;235;251;482;4;0;2;1;67;411;5;70;411;5;37;38;39;38,1069958847737;1,88451979936795;0;24;10;12;439;110;376;87;399;374;111;1;36;121;22;53;88;59;49;4;1;53;486;0;0;0;0;250;236;455;16;0;15;0;41;434;11;2866,25;3167,5;3420;3124,95473251029;474,348323457823;29;424;28;7;479;9,37242798353909;0,977679279290224;6;480
2016;"MUNICIPIO";431190;40;0;37;1;2;8;10;13;6;0;0;0;39;23,75;29;32,25;28,125;6,20664449581542;0;3;17;10;2;8;38;0;0;2;0;0;0;16;24;40;0;0;0;0;2;37;1;2;37;1;38;39;40;38,7;1,66717940830829;1;7;2;3;26;40;0;20;20;40;0;0;5;10;6;1;16;0;0;0;0;2;37;0;0;3;0;20;20;38;0;0;2;0;5;32;3;2960;3215;3648,75;3203,45;588,138259952975;4;32;4;0;39;9,02564102564103;0,742937961820979;0;39
2016;"MUNICIPIO";431198;39;0;35;0;4;11;15;5;4;0;0;0;39;22;26;29;26,1794871794872;5,69797653313874;1;1;17;18;1;1;28;2;0;5;4;0;0;15;24;38;0;0;0;0;5;34;0;5;34;0;37;39;39,5;38,3333333333333;1,59494816502694;1;15;0;1;22;38;1;23;16;38;1;0;2;9;7;7;7;1;0;0;0;5;37;0;1;1;0;19;20;28;2;0;5;4;2;35;2;2870;3250;3600;3227,74358974359;482,860539850451;3;32;3;1;36;9,02702702702703;0,832882761073666;2;36
2016;"MUNICIPIO";431200;11;0;11;0;0;2;5;1;3;0;0;0;11;25,5;28;34;29,1818181818182;6,38464066049424;0;1;4;3;1;2;10;0;0;1;0;0;0;4;7;11;0;0;0;0;1;10;0;1;10;0;37,5;39;39,5;38,3636363636364;1,80403587950613;0;0;0;3;8;11;0;2;9;10;0;1;0;4;1;1;3;0;0;0;1;1;11;0;0;0;0;8;3;10;0;0;1;0;1;9;1;2972,5;3285;3607,5;3250;636,973311842812;0;10;1;0;11;9,09090909090909;0,539359889970594;0;11
2016;"MUNICIPIO";431205;37;0;36;0;5;4;10;11;7;0;0;0;37;25;29;33;28,5135135135135;6,17621612685677;0;1;7;20;1;8;37;0;0;0;0;0;0;19;18;35;2;0;0;0;5;31;0;5;31;0;37;38;39;38;1,63881490282286;0;2;0;3;32;28;9;11;26;28;9;0;5;6;0;2;11;4;4;2;0;3;37;0;0;0;0;19;18;37;0;0;0;0;4;33;0;2980;3210;3450;3200,67567567568;453,494398719179;2;28;4;0;37;9,62162162162162;0,681149002762218;1;36
2016;"MUNICIPIO";431210;37;0;34;0;8;6;11;8;4;0;0;0;37;21;26;31;26,1621621621622;6,33558518525634;0;1;15;14;1;6;28;1;0;8;0;0;0;16;21;35;2;0;0;0;7;28;0;7;28;0;37;38;39;37,9714285714286;1,97760571645308;1;8;1;0;26;34;3;17;20;33;3;1;4;9;3;3;7;2;1;1;1;5;37;0;0;0;0;13;24;28;1;0;8;0;4;31;2;2770;3100;3250;3033,10810810811;621,293846375082;0;29;4;1;36;9,56756756756757;0,898781290308053;0;37
2016;"MUNICIPIO";431213;36;0;36;0;4;8;11;6;7;0;0;0;36;22,75;27,5;32;27,3333333333333;6,22896460095897;1;2;8;20;2;3;25;0;0;3;8;0;0;17;19;34;2;0;0;0;5;31;0;5;31;0;37;38;40;38,1111111111111;1,58164069927;0;4;4;4;24;36;0;7;29;34;2;0;2;11;1;6;10;1;1;2;0;2;36;0;0;0;0;20;16;25;0;0;3;8;2;31;3;2800;3147,5;3577,5;3232,02777777778;561,799938265323;0;28;6;0;36;9,41666666666667;0,554204706893452;0;36
2016;"MUNICIPIO";431215;34;0;34;0;3;5;10;9;7;0;0;0;34;25;28;33;28,5882352941176;5,94478455943616;0;1;9;14;3;7;31;2;0;1;0;0;0;18;16;32;2;0;0;0;6;28;0;6;28;0;37;38;39;38,1470588235294;1,55957167665252;0;4;1;1;28;34;0;5;29;30;4;0;1;11;0;3;11;2;2;2;0;2;34;0;0;0;0;24;10;31;2;0;1;0;1;32;1;2723,25;3107,5;3526,25;3117,67647058824;529,728559455045;1;29;2;0;34;9,55882352941176;0,612554337507528;0;34
2016;"MUNICIPIO";431217;22;0;22;0;5;2;5;7;2;1;0;0;22;22,5;29;32;27,4090909090909;7,22205017000081;0;1;10;7;0;4;17;0;0;5;0;0;0;12;10;22;0;0;0;0;3;18;1;3;18;1;38;38,5;39;38,3181818181818;2,19059382330484;0;3;1;0;18;22;0;3;19;20;2;0;6;3;0;0;8;2;0;0;0;3;22;0;0;0;0;13;9;17;0;0;5;0;2;20;0;2735;3210;3435;3109,72727272727;542,308748980485;2;17;2;0;22;8,90909090909091;0,29424494316825;0;22
2016;"MUNICIPIO";431220;31;0;31;0;5;5;7;9;4;1;0;0;31;24;28;32,5;28,1935483870968;6,7102873998993;0;2;13;15;0;1;25;0;0;6;0;0;0;9;22;31;0;0;0;1;3;26;1;4;26;1;38;39;39;38,3870967741936;2,02776427549882;0;3;5;2;21;27;4;10;21;29;2;0;1;7;2;2;14;1;1;0;0;3;31;0;0;0;0;15;16;25;0;0;6;0;2;29;0;2967,5;3300;3620;3217,25806451613;509,86573185117;1;29;1;0;31;9,51612903225806;0,508000508000762;0;31
2016;"MUNICIPIO";431225;102;0;99;0;20;24;28;24;3;3;0;0;102;20,25;25;31;25,5980392156863;6,42128238005365;0;3;49;42;2;6;82;11;0;9;0;0;0;51;51;98;4;0;0;2;4;95;0;6;95;0;38;39;39;38,3960396039604;1,93948038361202;2;30;9;12;48;99;3;42;60;97;5;0;12;34;11;11;19;1;3;4;0;6;99;2;0;1;0;57;45;82;11;0;9;0;6;87;9;2952,5;3185;3563,75;3225,72549019608;566,975895847901;8;76;13;1;100;9,43564356435644;0,638996738397911;0;102
2016;"MUNICIPIO";431230;67;0;67;1;7;12;20;18;8;1;0;0;66;23,5;28;32;27,4328358208955;6,05586087416003;0;2;16;34;3;12;64;0;0;1;2;0;0;30;37;67;0;0;0;0;5;62;0;5;62;0;38;39;40;38,7313432835821;1,61040263695082;0;14;1;3;49;67;0;29;38;64;3;0;13;12;13;2;19;3;0;0;0;5;67;0;0;0;0;40;27;64;0;0;1;2;4;59;4;3011,5;3346;3620;3301,94029850746;507,837628566246;2;55;10;0;67;9,67164179104478;0,473160223407384;1;66
2016;"MUNICIPIO";431235;11;0;11;0;0;3;4;1;2;0;1;0;11;25;27;35;30,5454545454545;7,38056415680585;0;0;2;4;1;4;11;0;0;0;0;0;0;8;3;11;0;0;1;0;0;10;0;1;10;0;38;38;39;37,3636363636364;3,5290998079603;0;0;1;0;10;11;0;2;9;8;3;0;1;3;0;2;1;3;0;0;0;1;11;0;0;0;0;5;6;11;0;0;0;0;1;10;0;2970;3090;3332,5;2993,18181818182;767,079763542465;0;10;1;1;10;8,63636363636364;2,01359019031814;0;11
2016;"MUNICIPIO";431237;45;0;38;1;11;8;13;8;3;0;1;0;44;19;25;30;25,3777777777778;6,75980395388428;1;1;19;22;1;1;41;0;0;4;0;0;0;22;23;45;0;0;0;1;1;38;1;2;38;1;38;39;40;38,7560975609756;1,92068331336634;0;16;1;2;23;45;0;27;18;42;1;0;9;7;5;9;7;0;1;0;0;2;45;0;0;0;0;20;25;41;0;0;4;0;2;42;1;2905;3130;3500;3224,88888888889;506,872640549254;0;38;3;0;45;9,2;0,625227231419978;0;45
2016;"MUNICIPIO";431238;10;0;10;0;0;1;4;2;3;0;0;0;10;26,75;29,5;34,5;30,6;4,97102716861527;0;0;3;6;0;1;10;0;0;0;0;0;0;3;7;10;0;0;0;0;2;8;0;2;8;0;38;39;39,75;38,4;2,06559111797729;0;1;0;0;9;10;0;0;10;8;2;0;0;2;0;0;4;0;2;0;0;2;10;0;0;0;0;5;5;10;0;0;0;0;1;9;0;2942,5;3222,5;3406,25;3160,5;436,612273966019;1;8;1;0;10;9;0,666666666666667;1;9
2016;"MUNICIPIO";431240;928;0;914;3;118;202;244;209;122;30;0;0;925;22;27;33;27,5323275862069;6,53849526715367;2;20;277;423;85;119;763;68;0;95;0;0;0;386;542;913;15;0;3;7;76;836;4;86;836;4;38;39;40;38,5712742980562;1,88157377955861;1;236;29;35;621;69;859;294;634;890;34;4;115;210;94;119;264;21;12;13;4;74;927;0;1;0;0;478;450;763;68;0;95;0;67;785;76;2990;3290;3606,25;3270,9213362069;562,197089728873;45;749;117;3;924;9,63969795037756;0,660240086106933;7;921
2016;"MUNICIPIO";431242;22;0;19;0;3;7;4;4;3;1;0;0;22;21;25,5;32,75;26,7727272727273;7,25673295362129;0;0;3;16;0;3;22;0;0;0;0;0;0;10;12;22;0;0;0;1;0;21;0;1;21;0;38;39;40;38,5;2,08737702802892;0;1;2;1;15;22;0;8;14;18;4;0;5;3;1;0;8;2;2;0;0;1;22;0;0;0;0;14;8;22;0;0;0;0;1;20;1;2672,5;2955;3392,5;2995,68181818182;537,968611791364;2;19;1;0;22;9,36363636363636;0,84771145952778;0;22
2016;"MUNICIPIO";431244;30;0;30;0;3;2;5;9;9;2;0;0;30;26,5;32;35;30,7666666666667;6,38793762699956;0;1;5;11;2;11;29;0;0;1;0;0;0;8;22;30;0;0;0;0;4;26;0;4;26;0;37;38;39;38,0666666666667;1,98152385340404;0;5;4;5;16;30;0;6;24;29;1;0;0;6;0;6;13;1;0;0;0;4;30;0;0;0;0;15;15;29;0;0;1;0;2;25;3;2980;3317,5;3517,5;3279,03333333333;524,121036516891;2;23;5;0;30;9,26666666666667;0,583292280985675;1;29
2016;"MUNICIPIO";431245;58;0;41;0;5;15;12;14;10;2;0;0;58;23,25;28;32,75;28,0862068965517;6,37782474812897;0;0;20;23;1;11;49;3;0;2;0;0;0;33;25;53;5;0;0;2;6;45;1;8;45;1;37,25;38;39;38;2,37121097952796;0;2;5;4;37;57;1;15;43;50;7;0;14;10;5;2;11;2;2;5;0;3;57;0;1;0;0;25;33;50;3;0;2;0;6;49;3;2941,25;3140;3433,75;3100,77586206897;588,650554401006;2;43;4;1;56;9,3859649122807;0,860946032092278;0;55
2016;"MUNICIPIO";431247;58;0;50;0;2;10;12;24;8;2;0;0;58;25,25;32;34;30,0689655172414;5,39610668279672;0;0;13;34;0;10;53;0;0;1;0;0;0;26;32;56;2;0;0;0;11;46;1;11;46;1;37;38;39;38,0344827586207;1,64333333946884;0;11;0;2;44;58;0;19;38;54;4;0;7;13;3;13;9;2;1;2;0;8;58;0;0;0;0;26;32;53;0;0;1;0;10;48;0;2848,75;3262,5;3422,5;3118,62068965517;519,690185290463;5;47;4;0;58;9,5;0,73149690313647;0;56
2016;"MUNICIPIO";431250;137;0;133;7;18;30;40;18;18;4;2;0;130;21;26;31;26,4671532846715;7,2548676305378;1;12;58;46;7;13;106;15;0;16;0;0;0;60;77;133;4;0;0;0;9;127;1;9;127;1;38;39;40;38,7372262773723;1,60087325890251;1;31;4;9;88;122;15;73;64;132;5;0;23;28;23;21;25;3;1;4;0;9;133;0;0;4;0;68;69;106;15;0;16;0;11;115;11;2930;3200;3510;3224,93430656934;535,463889104572;9;106;18;0;137;9,74452554744525;0,594449783664198;0;137
2016;"MUNICIPIO";431260;49;0;49;0;5;12;6;16;8;2;0;0;49;23;30;34;28,6530612244898;7,15178014089314;0;2;11;23;2;11;48;1;0;0;0;0;0;26;23;49;0;0;0;0;6;41;2;6;41;2;38;38;39;38,2857142857143;1,52752523165195;1;5;1;3;39;33;16;19;30;36;13;0;5;11;3;4;9;7;6;0;0;4;49;0;0;0;0;20;29;48;1;0;0;0;2;45;2;2970;3260;3530;3248,26530612245;462,380109483808;1;45;3;1;48;9,61224489795918;0,758735969958485;1;48
2016;"MUNICIPIO";431261;39;0;31;2;7;15;8;5;2;0;0;0;37;20;23;28;23,9487179487179;6,03912122375397;0;1;20;14;3;1;33;4;0;2;0;0;0;21;18;39;0;0;0;0;2;33;0;2;33;0;38;39;39;38,5714285714286;1,57714772864916;1;10;0;3;23;39;0;21;18;35;3;0;6;11;4;4;5;2;1;0;0;2;39;0;0;0;0;22;17;33;4;0;2;0;2;35;2;2930;3160;3565;3222,17948717949;455,06042813275;4;25;6;0;37;9,16216216216216;0,500750187968762;0;39
2016;"MUNICIPIO";431262;34;0;34;0;4;9;9;6;6;0;0;0;34;22,25;27;31,75;27,0882352941176;6,47310354611423;1;3;15;13;0;2;13;0;0;2;19;0;0;7;27;30;4;0;0;0;9;25;0;9;25;0;36,25;37,5;39;37,7058823529412;1,81791441883951;0;8;6;4;16;34;0;20;14;31;3;0;3;1;8;5;5;0;1;4;0;7;34;0;0;0;0;21;13;13;0;0;2;19;6;26;2;2630;3130;3468,75;3072,94117647059;590,793146447623;2;24;4;0;34;9,02941176470588;0,869876135997884;0;34
2016;"MUNICIPIO";431265;239;0;237;1;30;56;54;62;32;3;1;0;238;22;27;32,5;27,3556485355649;6,49976401461635;2;7;46;131;4;49;225;3;0;11;0;0;0;100;139;233;6;0;2;1;25;211;0;28;211;0;37;38;39;37,9916317991632;1,8831219202111;1;36;8;14;179;34;205;48;191;222;17;0;22;60;19;33;64;6;8;6;0;21;239;0;0;0;0;116;123;225;3;0;11;0;16;213;10;2832,5;3140;3502,5;3141,51882845188;519,598769192654;16;191;26;2;237;9,52719665271966;0,749154205881826;0;238
2016;"MUNICIPIO";431267;15;0;15;0;3;4;3;1;3;1;0;0;15;21,5;25;34;27,0666666666667;8,48079061902896;0;1;4;5;1;4;14;0;0;1;0;0;0;7;8;15;0;0;0;0;1;14;0;1;14;0;38;39;39;38,6666666666667;1,04653623694457;0;3;1;1;10;15;0;4;11;13;2;0;0;6;0;2;4;1;1;0;0;1;15;0;0;0;0;9;6;14;0;0;1;0;1;13;1;3152,5;3270;3465;3337,33333333333;547,020718681356;1;13;1;0;15;9,33333333333333;0,617213399848368;0;15
2016;"MUNICIPIO";431270;181;0;122;0;43;45;44;32;15;2;0;0;181;20;25;30;25,2044198895028;6,29172139671048;0;12;52;77;14;25;137;6;0;12;26;0;0;86;95;181;0;2;1;1;24;151;1;28;151;1;38;38;39;37,8777777777778;2,73127051197044;1;35;16;19;102;14;167;50;131;125;8;0;24;22;25;10;21;5;3;0;0;22;181;0;0;0;0;94;87;137;6;0;12;26;17;158;6;2860;3095;3410;3099,72375690608;498,414910757902;14;153;11;1;180;9,67955801104972;0,59355035656858;1;180
2016;"MUNICIPIO";431275;34;0;34;0;3;8;9;10;3;1;0;0;34;23;28;31,75;27,7058823529412;6,09286424043786;0;1;4;20;1;8;33;0;0;1;0;0;0;18;16;32;2;0;0;0;8;26;0;8;26;0;37;38;39;38;1,72328087371066;0;2;1;0;31;34;0;1;33;30;4;0;3;9;0;2;10;1;1;2;0;6;34;0;0;0;0;17;17;33;0;0;1;0;5;28;1;2775;3170;3528,75;3156,76470588235;599,484478471877;1;28;3;0;34;9,38235294117647;0,779071159559737;1;33
2016;"MUNICIPIO";431280;72;0;71;0;1;16;20;19;14;2;0;0;72;25;29;33;29,3472222222222;6,00506763040154;0;2;9;42;3;16;60;0;0;12;0;0;0;41;31;70;2;0;1;1;9;61;0;11;61;0;37;39;39,25;38,1111111111111;2,28007632412129;0;6;2;1;62;72;0;6;66;68;4;0;22;13;4;2;17;2;2;2;0;8;72;0;0;0;0;32;40;60;0;0;12;0;10;59;3;2878,75;3205;3453,75;3105,83333333333;601,993168273434;5;60;5;0;72;9,84722222222222;0,493898610289294;0;72
2016;"MUNICIPIO";431290;84;0;82;0;4;11;19;21;25;4;0;0;84;26,75;31,5;36;30,6785714285714;6,25012908644663;0;4;14;39;4;23;77;1;0;6;0;0;0;40;44;80;4;0;2;1;19;61;1;22;61;1;36;38;39;37,5357142857143;2,72182800272537;1;8;1;2;70;56;28;13;71;81;1;2;11;16;4;8;22;0;1;2;2;18;84;0;0;0;0;42;42;77;1;0;6;0;11;73;0;2850;3190;3453,75;3046,5;658,729673790797;3;73;4;1;83;9,55952380952381;0,766012842010545;1;83
2016;"MUNICIPIO";431295;18;0;18;0;1;2;3;7;4;1;0;0;18;29;31;34,75;30,7222222222222;5,80877182073452;0;0;1;14;1;2;18;0;0;0;0;0;0;7;11;18;0;0;0;0;1;17;0;1;17;0;38;38;39;38,2222222222222;1,06027496741928;0;0;0;0;18;18;0;1;17;16;2;0;0;6;0;2;7;1;1;0;0;1;18;0;0;0;0;9;9;18;0;0;0;0;1;17;0;2920;3107,5;3276,25;3092,5;303,960378609953;1;17;0;1;17;8,88888888888889;0,758395278659361;1;17
2016;"MUNICIPIO";431300;15;0;14;0;0;6;2;3;3;1;0;0;15;23;27;34,5;28,9333333333333;7,09594116043679;0;0;2;9;1;3;12;1;0;2;0;0;0;8;7;15;0;0;0;0;0;14;1;0;14;1;38;39;39,5;38,9333333333333;1,38701460836198;0;2;0;0;13;14;1;1;14;11;3;0;1;4;0;2;4;2;1;0;0;0;15;0;0;0;0;11;4;12;1;0;2;0;1;10;4;3090;3485;3945;3514;589,397997960631;1;10;4;0;15;9,6;0,50709255283711;0;15
2016;"MUNICIPIO";431301;30;0;30;0;1;3;11;10;4;0;1;0;30;26;29,5;34;29,8;5,74396234739364;0;1;3;19;1;6;29;0;0;1;0;0;0;15;15;30;0;0;0;0;2;24;4;2;24;4;38;39;40;39,0666666666667;1,83703909693783;0;4;1;1;24;30;0;4;26;29;1;0;3;9;1;5;9;1;0;0;0;2;30;0;0;0;0;13;17;29;0;0;1;0;1;25;4;3135;3460;3840;3468,83333333333;514,523018709182;0;23;7;0;30;9,13333333333333;0,507416263404925;0;30
2016;"MUNICIPIO";431303;61;0;61;0;3;12;13;20;11;2;0;0;61;26;30;34;29,4590163934426;6,14701491373876;0;2;8;38;0;13;57;1;0;3;0;0;0;27;34;57;4;0;0;2;10;49;0;12;49;0;37;38;39;37,6229508196721;2,05883409098636;0;4;4;7;46;61;0;8;53;59;2;0;4;16;3;6;20;0;2;4;0;6;61;0;0;0;0;30;31;57;1;0;3;0;7;53;1;3000;3220;3420;3141,06557377049;623,458174722583;3;46;8;0;61;9,52459016393443;0,594602314634165;2;59
2016;"MUNICIPIO";431306;267;0;267;0;36;64;59;64;33;11;0;0;267;22;27;33;27,5280898876404;6,77249504945536;0;11;76;129;22;29;247;1;1;18;0;0;0;119;148;259;8;0;2;4;15;246;0;21;246;0;38;39;39;38,3183520599251;2,00744860598299;1;63;10;8;185;266;1;84;183;249;17;1;28;70;29;36;66;6;7;8;1;16;266;1;0;0;0;144;123;247;1;1;18;0;29;220;18;2797,5;3095;3485;3118,14606741573;598,054525462525;21;210;28;4;263;9,18352059925094;0,969472941524678;2;265
2016;"MUNICIPIO";431308;13;0;13;0;0;1;2;4;6;0;0;0;13;32;34;36;32,8461538461538;4,43181967605019;0;2;4;4;0;3;11;0;0;2;0;0;0;5;8;13;0;0;0;0;1;12;0;1;12;0;38;39;40;38,5384615384615;1,6132464481796;0;2;2;0;9;13;0;3;10;13;0;0;0;5;0;1;6;0;0;0;0;1;13;0;0;0;0;6;7;11;0;0;2;0;2;11;0;2905;3145;3450;3092,46153846154;441,442260358894;1;12;0;0;13;9,53846153846154;0,518874521662771;0;13
2016;"MUNICIPIO";431310;64;0;59;0;6;9;17;16;11;5;0;0;64;25;29,5;34,25;29,4375;6,68776423599027;0;7;17;25;2;13;52;2;0;7;0;0;0;27;37;61;3;0;0;2;3;57;2;5;57;2;37;38;39;37,875;2,17124059336724;0;8;0;1;53;28;36;15;49;60;4;0;8;14;2;7;22;1;3;3;0;4;64;0;0;0;0;37;27;52;2;0;7;0;8;55;1;2700;3102,5;3396,25;3032,5;547,153528844495;6;51;3;0;64;9,703125;0,634452332255751;1;63
2016;"MUNICIPIO";431320;250;0;239;1;18;39;59;67;56;10;0;0;249;25;30;35;29,404;6,55657982150933;0;8;52;116;24;50;230;1;0;19;0;0;0;109;141;248;2;0;1;0;19;228;2;20;228;2;38;38;39;38,316;1,67911336328045;0;24;2;7;206;87;163;77;173;239;10;1;18;74;21;38;69;6;4;2;1;17;250;0;0;0;0;127;123;230;1;0;19;0;13;228;9;2996,25;3230;3470;3209,136;465,511850154793;16;211;20;2;248;9,492;0,797798174797889;2;248
2016;"MUNICIPIO";431330;348;0;341;0;29;64;98;83;52;22;0;0;348;24;28,5;33;28,7614942528736;6,50674755580775;0;9;62;152;29;96;303;7;0;38;0;0;0;170;178;342;6;0;2;3;36;305;2;41;305;2;37;39;39;38,2040229885057;2,04454314691211;0;39;23;31;249;50;298;38;310;326;22;0;82;55;40;18;93;12;9;6;0;33;347;0;0;1;0;170;178;303;7;0;38;0;36;306;6;2790;3097,5;3375;3067,26724137931;515,849904857651;19;307;16;2;346;9,73850574712644;0,742307375121626;2;346
2016;"MUNICIPIO";431333;20;0;20;0;0;1;10;5;3;1;0;0;20;26,75;29;33,25;30,45;5,47217843661053;0;0;7;9;1;3;17;0;0;3;0;0;0;8;12;20;0;0;0;0;3;17;0;3;17;0;37;38;39;37,6;1,90290636437502;0;2;0;1;17;20;0;8;12;19;1;0;2;3;1;5;5;0;1;0;0;3;20;0;0;0;0;11;9;17;0;0;3;0;2;18;0;3015;3242,5;3640;3234,65;510,533598564441;1;16;3;0;20;9,4;0,598243041616119;0;20
2016;"MUNICIPIO";431335;24;0;24;0;2;0;4;12;5;1;0;0;24;29,75;32,5;34,25;31,7083333333333;5,6835320208374;0;0;3;15;0;6;23;1;0;0;0;0;0;11;13;24;0;0;0;0;5;19;0;5;19;0;37;38;38,25;37,5416666666667;1,41357292199487;0;3;0;3;18;24;0;3;21;22;2;0;1;6;1;2;7;2;0;0;0;5;24;0;0;0;0;16;8;23;1;0;0;0;2;22;0;2850;3015;3350;3075,04166666667;379,114010517963;0;23;1;1;23;9,41666666666667;0,928611242975073;0;24
2016;"MUNICIPIO";431337;401;0;360;2;69;106;86;88;36;13;1;0;399;21;26;32;26,4114713216958;6,84417767739854;0;5;146;183;29;32;367;9;0;25;0;0;0;168;233;395;6;0;0;2;39;357;1;41;357;1;38;39;39;38,3558897243108;1,72439171355541;5;61;12;24;267;401;0;197;204;377;20;3;18;130;16;87;88;8;11;5;3;33;401;0;0;0;0;200;201;367;9;0;25;0;30;349;22;2958;3270;3630;3247,27182044888;545,516194469905;17;332;44;3;397;9,05;0,680925214593845;3;397
2016;"MUNICIPIO";431339;32;0;32;0;3;8;8;9;3;1;0;0;32;22,75;28;30,25;27,625;5,88464376645388;0;0;10;18;1;3;27;3;0;2;0;0;0;17;15;32;0;0;0;0;3;29;0;3;29;0;38;38;39;38,15625;1,72476038541496;0;7;2;5;18;32;0;15;17;32;0;0;5;10;3;4;7;0;0;0;0;3;32;0;0;0;0;10;22;27;3;0;2;0;2;28;2;2950;3200;3552,5;3201,5625;516,59311607942;0;29;3;0;32;9,53125;0,567073699482846;0;32
2016;"MUNICIPIO";431340;3164;0;3153;18;429;789;732;697;411;82;6;0;3146;22;27;32;27,1542351453856;6,66379588110775;1;132;1113;1283;237;398;2804;121;0;237;2;0;0;1402;1762;3081;81;2;18;33;344;2744;22;397;2744;22;38;39;40;38,4321846348403;2,22587591612441;14;530;124;204;2288;256;2908;1603;1561;3019;143;2;407;756;475;438;572;62;60;80;2;309;3157;0;6;1;0;1658;1506;2804;121;0;237;2;282;2686;195;2940;3258;3565;3214,04932026557;583,785430564425;154;2586;338;29;3130;9,2741373852485;0,805419622118246;18;3145
2016;"MUNICIPIO";431342;21;0;21;0;1;2;12;3;3;0;0;0;21;26;28;30;28,047619047619;4,862881763689;0;1;4;14;0;2;20;0;0;1;0;0;0;9;12;19;2;0;0;0;0;21;0;0;21;0;38;39;40;38,8095238095238;1,12334534400814;0;5;0;1;15;21;0;4;17;20;1;0;0;8;0;5;5;1;0;2;0;0;21;0;0;0;0;12;9;20;0;0;1;0;1;19;1;3055;3235;3580;3251,19047619048;446,455218252359;2;15;2;0;21;9,80952380952381;0,511766315719159;0;21
2016;"MUNICIPIO";431344;27;0;26;0;3;9;5;6;3;1;0;0;27;22;26;32;26,8518518518519;6,76929551898584;0;2;16;6;1;2;27;0;0;0;0;0;0;14;13;25;2;0;0;0;6;19;2;6;19;2;37;39;39;38,2962962962963;2,31740595717936;0;3;0;4;19;27;0;4;23;27;0;0;0;9;0;5;7;0;0;2;0;4;27;0;0;0;0;11;16;27;0;0;0;0;4;23;0;2830;3120;3380;3056,66666666667;511,355664273522;2;22;0;0;27;9,55555555555556;0,697982440452113;0;27
2016;"MUNICIPIO";431346;15;0;13;0;0;4;6;4;1;0;0;0;15;24;27;30;27,2666666666667;3,84460041889302;0;0;0;7;3;5;13;0;0;1;0;0;0;6;9;15;0;0;0;0;3;12;0;3;12;0;38;38;39;38,0666666666667;1,38701460836198;0;2;1;0;11;15;0;5;10;14;1;0;0;5;1;3;3;1;0;0;0;2;15;0;0;0;0;9;6;13;0;0;1;0;1;14;0;2892,5;3025;3312,5;3106;399,290442088033;0;14;1;0;15;9,6;0,632455532033676;0;15
2016;"MUNICIPIO";431349;38;0;36;0;6;8;12;4;8;0;0;0;38;22;27;31,75;26,7894736842105;6,38053583591087;0;0;8;24;1;5;37;0;0;0;0;0;0;16;22;36;2;0;0;0;7;31;0;7;31;0;37,25;38;39;37,8684210526316;1,59680513173461;0;1;4;2;31;38;0;4;34;37;1;0;5;7;1;2;15;1;0;2;0;5;38;0;0;0;0;20;18;37;0;0;0;0;4;33;1;2761,25;3055;3460;3081,71052631579;486,871252635601;4;31;1;0;37;8,97297297297297;0,725966271273692;0;38
2016;"MUNICIPIO";431350;675;0;662;6;72;156;182;160;72;26;1;0;669;22,5;27;32;27,4948148148148;6,45490311785605;0;19;196;286;54;118;592;38;0;38;5;0;0;286;389;653;22;0;6;8;44;612;3;58;612;3;38;39;40;38,4115898959881;2,18183436326117;2;113;18;32;506;166;509;284;391;645;26;3;80;166;65;102;169;8;15;21;3;43;674;0;1;0;0;345;330;592;38;0;38;5;55;580;40;2890;3245;3572,5;3195,91703703704;576,762672206303;46;525;79;6;669;9,67407407407407;0,776410649069531;2;672
2016;"MUNICIPIO";431360;29;0;28;0;3;8;11;4;3;0;0;0;29;22;27;29;26,551724137931;5,6920132447426;0;0;9;17;1;2;29;0;0;0;0;0;0;11;18;29;0;0;0;1;3;23;1;4;23;1;38;39;39;38,0714285714286;2,76122049542202;0;0;1;1;27;9;20;12;17;29;0;0;6;3;10;0;5;0;0;0;0;4;29;0;0;0;0;19;10;29;0;0;0;0;3;25;1;2770;3300;3625;3190,1724137931;612,1587719448;3;20;5;0;29;9,75862068965517;0,435494170355693;0;29
2016;"MUNICIPIO";431365;156;0;147;1;15;39;38;41;13;8;1;0;155;23;27;31,25;27,4871794871795;6,5278432732285;1;10;57;60;7;19;126;16;0;11;1;0;0;51;105;152;3;0;1;2;12;139;2;15;139;2;38;39;40;38,7115384615385;2,28320548687265;1;31;16;7;98;151;5;74;81;142;13;0;15;27;23;30;36;2;9;3;0;10;156;0;0;0;0;88;68;126;16;0;11;1;10;133;13;2898,75;3222,5;3526,25;3195,26923076923;559,515047462952;9;125;16;1;155;9,6474358974359;0,809655340288631;2;153
2016;"MUNICIPIO";431370;483;0;447;2;73;120;109;113;49;17;0;0;481;21,5;27;31;26,8260869565217;6,60557279255434;2;20;128;209;34;88;457;5;0;10;2;0;0;203;280;477;6;0;1;4;45;427;3;50;427;3;38;39;39;38,2895833333333;1,77946293689184;1;30;10;11;425;76;407;45;438;443;25;0;81;90;37;27;163;8;15;6;0;38;483;0;0;0;0;243;240;457;5;0;10;2;50;421;12;2832,5;3105;3360;3078,7619047619;495,468267590262;33;413;28;13;468;8,997920997921;1,19634680120175;8;473
2016;"MUNICIPIO";431380;95;0;95;3;11;21;21;29;7;3;0;0;92;21;27;31,5;26,8631578947368;6,61334969413622;0;8;27;36;6;18;76;0;0;16;3;0;0;53;42;93;2;0;0;0;8;86;1;8;86;1;38;38;39;38,178947368421;1,24609131327934;0;5;4;9;77;12;83;13;82;94;1;0;7;40;6;12;20;0;0;2;0;8;95;0;0;0;0;52;43;76;0;0;16;3;2;90;3;2887,5;3150;3430;3182,72631578947;419,475747837126;4;84;5;3;92;9,13684210526316;0,858134125257638;1;94
2016;"MUNICIPIO";431390;622;0;620;3;69;140;166;140;88;15;1;0;619;22;28;33;27,6800643086817;6,40769123165071;0;9;139;302;47;125;517;7;1;97;0;0;0;268;354;607;15;0;3;5;53;561;0;61;561;0;38;39;39;38,1881028938907;1,65210642951723;1;84;43;50;443;62;560;58;564;587;31;4;64;167;25;47;230;11;19;13;4;42;622;0;0;0;0;314;308;517;7;1;97;0;61;543;18;2860;3175;3453,75;3130,80064308682;527,922585697107;44;519;44;3;619;8,97106109324759;0,572419082986899;2;619
2016;"MUNICIPIO";431395;107;0;99;2;15;36;19;20;13;2;0;0;105;21;25;30;25,9719626168224;6,68631091551737;0;5;37;55;4;6;81;14;0;12;0;0;0;46;61;103;4;0;2;0;13;82;10;15;82;10;37,5;39;40;38,5420560747664;2,73785611565573;1;31;4;5;59;105;2;57;50;101;5;1;8;27;9;24;16;2;2;4;1;14;105;0;1;1;0;54;53;81;14;0;12;0;10;94;3;3012,5;3270;3565;3210,21495327103;581,889359710333;2;88;10;2;104;8,88679245283019;0,77238967117186;0;107
2016;"MUNICIPIO";431400;108;0;106;0;11;17;28;25;21;6;0;0;108;24;29;34,25;29,0648148148148;6,42174045198618;0;3;17;46;9;33;98;6;0;4;0;0;0;53;55;106;2;0;0;1;15;90;2;16;90;2;37;38;39;38,0648148148148;1,98250831466665;5;20;3;7;73;30;78;25;83;98;10;0;10;32;7;14;23;6;3;2;0;11;108;0;0;0;0;56;52;98;6;0;4;0;11;93;4;2823,75;3177,5;3480;3152,2037037037;514,155777682671;7;88;11;1;107;9,60185185185185;0,796485443658047;1;107
2016;"MUNICIPIO";431402;80;0;77;2;6;22;19;23;5;3;0;0;78;21,75;27;32;26,85;6,32875695195842;0;1;34;33;2;10;66;9;0;4;0;0;0;36;44;78;2;0;0;2;9;68;1;11;68;1;37;38;39;38,0625;2,00217445085227;2;17;7;11;42;71;9;19;61;74;5;0;10;19;4;15;15;2;3;2;0;9;79;1;0;0;0;44;36;66;9;0;4;0;4;70;6;2908,75;3197,5;3507,5;3218,3125;519,295374442832;2;65;11;0;80;9,6875;0,648147310963226;0;80
2016;"MUNICIPIO";431403;42;0;41;0;1;6;10;15;9;1;0;0;42;26;30;33,75;30,0714285714286;5,04802717873156;0;0;7;25;3;7;38;1;0;2;0;0;0;15;27;42;0;0;0;0;2;40;0;2;40;0;38;39;39,75;38,6666666666667;1,61798831233782;0;10;0;1;31;42;0;14;28;41;1;0;6;9;5;7;12;0;1;0;0;2;42;0;0;0;0;19;23;38;1;0;2;0;4;31;7;3132,5;3392,5;3650;3390,95238095238;628,688257013274;4;29;9;1;41;9,54761904761905;0,889021960616051;1;41
2016;"MUNICIPIO";431405;762;0;728;2;111;202;185;165;77;19;1;0;760;21;26;31;26,6338582677165;6,47433490226341;1;22;302;337;47;53;671;21;0;70;0;0;0;317;445;748;14;0;4;8;49;696;2;61;696;2;38;39;40;38,5889328063241;2,04363579839503;6;137;57;55;496;238;524;249;513;707;51;3;84;188;72;77;231;20;29;12;3;42;759;1;1;1;0;395;367;671;21;0;70;0;61;645;56;2930,5;3262;3561,5;3230,00393700787;578,718756788525;46;613;86;10;751;9,28909329829172;0,992338727700628;9;736
2016;"MUNICIPIO";431406;28;0;27;0;2;10;2;10;2;2;0;0;28;22;29;32,25;28,0714285714286;6,82548910974896;0;1;16;8;1;2;28;0;0;0;0;0;0;10;18;24;4;0;0;0;2;26;0;2;26;0;38;39;40;38,6071428571429;1,19688749786255;0;4;1;1;22;28;0;9;19;24;3;1;2;4;4;3;5;1;2;4;1;2;28;0;0;0;0;12;16;28;0;0;0;0;4;23;1;2630;2882,5;3323,75;2928,57142857143;584,744099051595;6;17;1;0;28;9,78571428571429;0,498675494362064;0;27
2016;"MUNICIPIO";431407;58;0;57;0;5;17;14;17;3;1;1;0;58;23;26;31;27;6,04950338689633;1;1;24;23;0;9;52;4;0;2;0;0;0;30;28;56;2;0;0;0;7;51;0;7;51;0;38;39;39,75;38,5689655172414;1,62342575801068;0;5;4;5;44;58;0;12;45;51;7;0;2;20;5;5;14;4;2;2;0;4;58;0;0;0;0;30;28;52;4;0;2;0;7;48;3;3021,25;3275;3553,75;3215,05172413793;615,400295412235;4;45;7;0;58;9,39655172413793;0,747854361758012;2;56
2016;"MUNICIPIO";431410;2876;0;2859;9;387;649;686;643;397;94;9;1;2865;22;27;33;27,4838260869565;6,76872124588307;0;59;738;1309;175;594;2541;27;0;306;0;0;0;1222;1654;2804;71;0;20;26;312;2515;2;358;2515;2;37;38;39;38,0841739130435;2,06333518659018;16;462;235;252;1905;21;2855;988;1887;2711;154;10;82;920;133;562;700;66;67;66;10;269;2869;0;5;1;0;1483;1393;2541;27;0;306;0;328;2461;87;2795;3130;3435;3085,6971488178;557,778720412415;207;2420;177;28;2842;9,27909407665505;0,870780799013188;25;2848
2016;"MUNICIPIO";431413;18;0;18;0;2;3;7;5;1;0;0;0;18;24,5;28;30;27,2777777777778;5,11980647101564;0;1;6;4;3;4;17;0;0;1;0;0;0;10;8;16;2;0;0;0;2;16;0;2;16;0;38;39;39;38,1111111111111;2,02597511421012;0;0;0;1;17;18;0;5;13;18;0;0;0;10;3;0;3;0;0;2;0;0;18;0;0;0;0;10;8;17;0;0;1;0;2;16;0;2792,5;3142,5;3537,5;3048,61111111111;717,493196433321;0;16;0;0;18;9,38888888888889;0,607684988914186;0;18
2016;"MUNICIPIO";431415;71;0;70;0;7;20;10;22;10;0;2;0;71;22;28;33;27,8169014084507;6,92265403100559;0;4;26;36;0;5;62;0;0;9;0;0;0;28;43;69;2;0;0;2;7;61;1;9;61;1;38;39;40;38,3661971830986;2,3252615006226;0;5;4;0;61;71;0;16;55;71;0;0;12;11;11;5;23;0;0;2;0;7;71;0;0;0;0;42;29;62;0;0;9;0;7;61;3;2890;3290;3560;3202,60563380282;599,202362165696;5;57;7;0;71;9,38028169014085;0,662596562948668;1;70
2016;"MUNICIPIO";431417;28;0;26;2;8;6;4;6;2;0;0;0;26;19;22;30;23,6785714285714;6,67806565156115;0;0;15;10;0;3;18;5;0;5;0;0;0;14;14;28;0;0;0;0;0;28;0;0;28;0;38;39;40;38,8928571428571;1,06594717797993;2;6;3;2;14;28;0;15;13;28;0;0;8;6;6;2;6;0;0;0;0;0;27;0;0;1;0;17;11;18;5;0;5;0;2;26;0;2941,25;3072,5;3447,5;3138,92857142857;369,49504367662;3;25;0;1;27;9,14285714285714;0,890870806374748;0;27
2016;"MUNICIPIO";431420;95;0;71;0;17;21;19;18;16;3;1;0;95;21;27;32,5;27,2736842105263;7,31864727831056;0;3;50;25;9;7;72;7;0;7;0;0;0;33;62;93;2;0;1;0;13;76;0;14;76;0;37;39;39;38,0666666666667;2,25757153009227;0;21;5;6;52;95;0;34;61;91;2;1;17;7;18;7;22;1;1;2;1;13;95;0;0;0;0;56;39;72;7;0;7;0;9;82;4;2845;3120;3442,5;3108,63157894737;592,534424040504;2;76;10;1;94;9,45263157894737;0,809102747763824;0;88
2016;"MUNICIPIO";431430;29;0;29;0;7;6;6;6;4;0;0;0;29;20;26;31;25,8965517241379;6,82089660835523;0;0;8;13;1;7;23;0;0;6;0;0;0;15;14;29;0;0;0;1;2;26;0;3;26;0;38;39;39;38,1724137931034;2,55047566316058;0;2;1;1;25;29;0;10;19;28;1;0;1;12;2;4;7;1;0;0;0;2;29;0;0;0;0;19;10;23;0;0;6;0;4;24;1;2815;3120;3590;3054,93103448276;661,083846585854;2;26;1;0;29;9,06896551724138;0,65088041927611;0;29
2016;"MUNICIPIO";431440;4259;0;2665;24;571;980;1032;970;557;112;11;2;4233;22;27;32;27,3275416764499;6,68375903888951;4;122;1320;1584;301;848;3141;551;2;281;4;0;0;1988;2271;4154;105;0;24;44;478;3381;58;546;3381;58;38;39;40;38,2557089084065;2,22506444913279;15;719;197;220;2103;45;4214;1438;2821;4077;149;11;818;714;564;322;892;61;66;104;11;429;4243;5;10;1;0;2186;2073;3141;551;2;281;4;458;3587;214;2885;3200;3525;3151,59403615872;591,860838387734;252;3235;380;75;4172;9,40569813986343;0,960351799183426;32;3659
2016;"MUNICIPIO";431442;48;0;47;0;1;6;11;17;13;0;0;0;48;27;31;35;30,75;5,51400537895539;0;3;8;27;4;6;45;2;0;1;0;0;0;23;25;46;2;0;1;0;6;40;1;7;40;1;37;38;39;37,75;2,985781910492;0;5;2;1;39;48;0;10;38;40;8;0;4;10;3;9;10;5;2;2;0;3;48;0;0;0;0;20;28;45;2;0;1;0;4;43;1;3053,75;3305;3481,25;3151,04166666667;716,433957352823;2;40;4;2;46;9,25;1,82768310489398;1;47
2016;"MUNICIPIO";431445;11;0;11;0;1;4;3;2;1;0;0;0;11;22,5;26;29,5;26,1818181818182;5,58244000089892;0;0;6;2;1;2;11;0;0;0;0;0;0;8;3;11;0;0;0;0;0;11;0;0;11;0;38;38;39;38,4545454545455;1,03572548135463;0;3;0;0;8;11;0;4;7;11;0;0;1;7;0;0;3;0;0;0;0;0;11;0;0;0;0;8;3;11;0;0;0;0;0;10;1;3086,5;3450;3755;3420,54545454545;480,59907691055;0;10;1;0;11;9,54545454545454;0,687551650952329;0;11
2016;"MUNICIPIO";431446;18;0;13;0;4;3;4;3;2;2;0;0;18;20,25;28;33,5;27,6666666666667;8,46445856647248;0;0;8;5;1;4;17;0;0;1;0;0;0;9;9;18;0;0;0;0;2;15;0;2;15;0;37;39;39;37,8823529411765;2,08813172899773;0;3;0;0;11;18;0;7;11;15;0;0;2;4;2;2;3;0;0;0;0;2;18;0;0;0;0;10;8;17;0;0;1;0;2;16;0;2972,5;3127,5;3413,75;3058,88888888889;687,408936333849;2;14;1;0;18;9,05555555555556;0,416176181897865;0;18
2016;"MUNICIPIO";431447;47;0;39;0;3;12;15;9;7;1;0;0;47;24;29;33;28,3191489361702;5,90911743199963;0;3;14;23;0;6;41;0;0;5;0;0;0;18;29;43;4;0;0;1;8;38;0;9;38;0;37;38;39;37,9148936170213;2,07290792633087;0;4;0;4;33;22;25;16;31;47;0;0;2;11;5;7;13;0;0;4;0;5;47;0;0;0;0;28;19;41;0;0;5;0;9;38;0;2762,5;3085;3432,5;3008,17021276596;562,562627205376;4;38;1;2;45;9,59574468085106;0,99257185629895;1;46
2016;"MUNICIPIO";431449;52;0;50;1;6;13;14;11;7;0;0;0;51;22;26,5;31;26,7115384615385;6,33798551054079;0;2;17;24;1;8;41;1;0;8;0;0;0;20;32;52;0;0;1;1;6;43;1;8;43;1;37;38;39;37,7884615384615;2,94616093474095;0;5;4;3;40;52;0;10;42;51;1;0;6;9;4;11;13;1;0;0;0;8;52;0;0;0;0;24;28;41;1;0;8;0;5;42;5;2993,75;3171;3566,25;3179,96153846154;666,794525823492;2;45;5;1;51;8,98076923076923;0,851535743331979;0;52
2016;"MUNICIPIO";431450;113;0;96;0;24;22;30;18;14;5;0;0;113;20;26;32;26,6637168141593;7,18084085241145;0;6;35;50;9;12;78;18;0;14;0;0;0;61;52;111;2;0;0;2;8;98;0;10;98;0;38;39;39;38,3333333333333;1,72935080466847;0;24;6;6;67;112;1;45;68;110;2;1;33;18;19;7;17;1;1;2;1;9;113;0;0;0;0;52;61;78;18;0;14;0;8;103;2;2795;3160;3485;3127,80530973451;499,613598165177;9;91;6;2;111;9,12389380530973;0,846555450918096;1;108
2016;"MUNICIPIO";431454;25;0;25;0;4;3;4;6;5;3;0;0;25;23;30;35;29,24;7,85429818634358;0;1;9;12;0;3;24;0;0;1;0;0;0;12;13;25;0;0;0;0;0;25;0;0;25;0;38;39;39;38,8;0,866025403784439;2;4;0;1;18;25;0;13;12;25;0;0;4;8;1;4;8;0;0;0;0;0;25;0;0;0;0;14;11;24;0;0;1;0;0;23;2;3040;3310;3645;3342;442,617686798287;0;21;4;1;24;9,12;1,09239797387826;0;25
2016;"MUNICIPIO";431455;17;0;17;0;3;3;4;4;2;1;0;0;17;24;29;33;28,2352941176471;6,75952487018047;0;0;7;8;1;1;16;0;0;1;0;0;0;9;8;17;0;0;0;0;2;14;1;2;14;1;37;39;39;38,2941176470588;2,14373231428136;0;1;2;4;10;17;0;4;13;17;0;0;6;1;3;1;4;0;0;0;0;2;17;0;0;0;0;9;8;16;0;0;1;0;2;13;2;2750;3290;3700;3168,70588235294;662,802078744655;1;14;2;0;17;9,82352941176471;0,392952623996688;0;17
2016;"MUNICIPIO";431460;181;0;151;4;26;49;41;39;19;2;1;0;177;21;26;32;26,3480662983425;6,70036144265716;1;6;70;64;13;25;134;16;1;20;0;0;0;81;100;175;6;0;3;1;15;159;1;19;159;1;38;39;40;38,391061452514;2,42485456337194;1;40;15;5;102;64;117;70;111;170;10;0;43;26;34;10;39;2;6;6;0;12;179;0;2;0;0;104;77;134;16;1;20;0;15;157;9;2825;3115;3445;3114,50276243094;568,983768801003;10;149;14;2;178;9,11111111111111;0,739083600542548;2;171
2016;"MUNICIPIO";431470;122;0;116;1;25;32;25;23;15;1;0;0;121;20;25;31,75;25,8032786885246;6,68863516728411;0;5;41;47;11;18;87;1;0;5;29;0;0;51;71;120;2;0;0;1;17;101;3;18;101;3;37,25;38;39;38,2868852459016;1,87404855506005;0;9;12;17;84;26;96;26;96;104;8;4;8;25;9;17;33;5;2;2;4;11;122;0;0;0;0;67;55;87;1;0;5;29;9;109;4;2950;3225;3530;3195,5737704918;507,242259072498;3;104;13;0;122;9,62295081967213;0,565215805380755;0;122
2016;"MUNICIPIO";431475;22;0;22;0;2;3;5;8;4;0;0;0;22;26;31;33;29,2272727272727;5,87919510349291;0;0;5;11;0;6;19;1;0;2;0;0;0;8;14;22;0;0;0;0;1;21;0;1;21;0;38;39;39,75;38,6818181818182;1,24924219453477;0;2;0;1;19;22;0;3;19;21;1;0;4;2;6;1;7;1;0;0;0;1;22;0;0;0;0;14;8;19;1;0;2;0;1;20;1;3066,25;3320;3578,75;3277,95454545455;424,798717296145;1;19;2;0;22;9,18181818181818;0,5884898863365;1;21
2016;"MUNICIPIO";431477;43;0;43;0;7;11;11;9;5;0;0;0;43;20;25;30,5;25,953488372093;6,14489136783398;0;0;8;29;2;4;41;0;0;2;0;0;0;18;25;43;0;0;0;0;2;41;0;2;41;0;38;39;39,5;38,6279069767442;1,71857160807836;1;0;0;5;37;43;0;16;27;39;4;0;0;16;2;6;14;2;2;0;0;1;43;0;0;0;0;23;20;41;0;0;2;0;2;40;1;2977,5;3305;3505;3226,16279069767;504,69561454842;1;41;1;1;42;9,32558139534884;1,040167803142;0;43
2016;"MUNICIPIO";431478;14;0;14;0;1;6;4;2;1;0;0;0;14;22,25;24,5;28,75;25,7857142857143;5,69991324398986;0;0;4;9;0;1;11;0;1;2;0;0;0;5;9;14;0;0;0;0;1;12;1;1;12;1;39;40;40,75;39,7142857142857;1,48989268733698;0;0;1;0;13;14;0;4;10;14;0;0;1;4;3;2;3;0;0;0;0;1;14;0;0;0;0;8;6;11;0;1;2;0;1;11;2;3020;3292,5;3480;3256,78571428571;500,96294636068;2;10;2;0;14;9,42857142857143;0,513552591013095;0;14
2016;"MUNICIPIO";431480;400;0;385;1;57;94;103;93;43;9;0;0;399;22;27;32;26,89;6,37451850852587;0;16;158;161;27;38;366;8;1;22;1;0;0;171;229;382;18;0;1;2;54;327;15;57;327;15;38;39;40;38,3959899749373;1,99209088405914;2;81;11;30;268;399;1;182;218;386;12;2;42;96;50;54;83;6;4;18;2;44;399;0;1;0;0;176;223;366;8;1;22;1;38;338;24;2955,75;3279;3586,25;3235,955;566,331113661215;23;311;45;3;396;9,23308270676692;0,828698968612602;6;394
2016;"MUNICIPIO";431490;18635;0;18236;85;2278;3865;3891;4466;3204;785;58;3;18547;22;29;34;28,284196404615;7,00667775075979;28;491;5158;6921;1428;4605;13693;2762;19;2129;24;0;0;8166;10469;18078;557;3;100;182;1879;16368;97;2164;16368;97;38;39;40;38,369370336572;2,10525792876836;307;3760;1045;915;12309;142;18493;9296;9339;17589;997;42;2602;4163;3124;2193;3514;436;400;543;42;1610;18504;14;92;25;0;9530;9104;13693;2762;19;2129;24;1772;15883;979;2895;3230;3540;3183,9966190834;577,157830227779;1044;15121;1882;196;18361;9,23753839521474;0,8475307690577;238;18394
2016;"MUNICIPIO";431500;29;0;28;1;3;10;6;3;4;2;0;0;28;21;25;31;26,4827586206897;7,1993089433003;0;0;9;14;2;4;23;0;0;6;0;0;0;11;18;29;0;0;0;0;4;25;0;4;25;0;38;38;39;38,2068965517241;1,39845093751284;0;4;2;3;19;29;0;9;20;28;1;0;4;5;4;0;12;1;0;0;0;3;29;0;0;0;0;14;15;23;0;0;6;0;2;27;0;3115;3395;3600;3304,65517241379;450,936032513171;1;26;2;0;29;9,31034482758621;0,760800718973206;0;29
2016;"MUNICIPIO";431505;21;0;21;0;3;4;10;1;3;0;0;0;21;21;26;28;26,1428571428571;6,20713874732726;0;2;4;11;2;2;15;1;0;5;0;0;0;10;11;21;0;0;0;0;1;20;0;1;20;0;38;38;39;38,6190476190476;1,20317041503648;0;1;2;4;14;21;0;5;16;20;1;0;1;9;1;4;4;0;1;0;0;1;21;0;0;0;0;11;10;15;1;0;5;0;0;20;1;2990;3195;3350;3242,14285714286;388,617972527556;0;19;2;0;21;9,47619047619048;0,679635756787974;0;21
2016;"MUNICIPIO";431507;12;0;12;0;2;1;4;1;3;1;0;0;12;24,5;27,5;35,25;28,8333333333333;8,0094640988967;0;0;2;7;2;1;11;0;0;1;0;0;0;4;8;12;0;0;0;0;2;10;0;2;10;0;37;37,5;39;37,5833333333333;1,83195540504146;0;3;1;2;6;12;0;1;11;11;1;0;0;4;0;1;5;0;1;0;0;1;12;0;0;0;0;10;2;11;0;0;1;0;1;9;2;3101,25;3402,5;3478,75;3338,33333333333;505,732292339684;0;10;2;0;12;9,5;0,904534033733291;0;12
2016;"MUNICIPIO";431510;115;0;113;0;18;36;23;20;12;6;0;0;115;21,5;25;31;26,6608695652174;6,80026696653674;1;6;32;57;4;15;95;1;0;19;0;0;0;56;59;111;4;0;0;1;10;99;5;11;99;5;38;39;40;38,4782608695652;1,870115045185;0;5;7;5;97;34;81;26;89;110;4;0;16;32;20;7;27;2;1;4;0;5;115;0;0;0;0;48;67;95;1;0;19;0;11;98;6;2937,5;3290;3500;3220,05217391304;505,712678349553;3;92;14;0;115;9,80869565217391;0,5908015989881;0;115
2016;"MUNICIPIO";431513;15;0;15;0;0;3;5;2;4;1;0;0;15;25;27;35,5;29,9333333333333;6,77671081896;0;0;9;2;1;3;15;0;0;0;0;0;0;4;11;15;0;0;0;0;2;13;0;2;13;0;38;38;39;38,1333333333333;1,55226409142382;0;1;2;2;10;15;0;0;15;11;3;1;0;2;1;2;4;1;2;0;1;2;15;0;0;0;0;6;9;15;0;0;0;0;1;14;0;2800;3070;3267,5;3078,53333333333;408,675712631957;1;13;1;0;15;9,46666666666667;0,516397779494322;0;15
2016;"MUNICIPIO";431514;36;0;36;0;0;5;13;10;7;1;0;0;36;26;29,5;33,25;30,0277777777778;5,26707352256103;0;0;9;20;1;6;34;0;0;2;0;0;0;13;23;36;0;0;0;0;0;36;0;0;36;0;38;38;39;38,5277777777778;1,05522133388785;0;2;1;2;31;36;0;6;30;36;0;0;2;11;0;4;19;0;0;0;0;0;36;0;0;0;0;21;15;34;0;0;2;0;1;33;2;3153,75;3287,5;3388,75;3274,02777777778;388,239284544328;1;33;2;0;36;9,80555555555556;0,401386485959743;2;34
2016;"MUNICIPIO";431515;48;0;47;0;4;9;14;13;8;0;0;0;48;24;29;33;28,3958333333333;5,91694135812254;0;0;13;18;2;15;47;0;0;1;0;0;0;23;25;46;2;0;0;0;7;40;1;7;40;1;38;39;39;38,3125;2,07473402550682;0;2;3;4;38;12;36;10;38;44;1;3;6;11;4;6;10;1;0;2;3;5;48;0;0;0;0;20;28;47;0;0;1;0;5;42;1;2726,25;3237,5;3531,25;3151,14583333333;523,257228537086;4;38;4;0;48;9,22916666666667;0,627035691859122;1;47
2016;"MUNICIPIO";431517;18;0;17;0;2;4;4;3;4;1;0;0;18;22,25;29;35,5;29,1111111111111;7,38750048383706;0;0;5;11;1;1;14;0;0;4;0;0;0;8;10;16;2;0;0;0;7;11;0;7;11;0;35;37;38;36,4444444444444;2,61718803348448;0;1;0;1;15;18;0;0;18;17;1;0;1;3;1;0;6;0;0;2;0;5;18;0;0;0;0;13;5;14;0;0;4;0;4;14;0;2600;2882,5;3130;2848,61111111111;601,443864564451;1;13;2;0;18;9,72222222222222;0,574513149960142;0;18
2016;"MUNICIPIO";431520;32;0;32;0;2;8;6;10;6;0;0;0;32;23,75;29,5;33,25;28,75;5,8805310271514;0;2;11;14;1;4;31;0;0;1;0;0;0;18;14;32;0;0;0;1;3;28;0;4;28;0;38;39;39;38,0625;2,15432797694735;0;1;2;3;26;32;0;7;25;26;6;0;3;7;1;3;8;4;2;0;0;4;32;0;0;0;0;16;16;31;0;0;1;0;3;27;2;2915;3250;3433,75;3148,28125;733,693274858493;1;28;3;0;32;9,59375;0,756024193161278;0;32
2016;"MUNICIPIO";431530;268;0;248;1;40;89;61;39;27;11;0;0;267;21;25;30;25,8768656716418;6,87745504470954;0;12;96;135;11;12;241;5;0;22;0;0;0;96;172;266;2;0;2;4;43;212;6;49;212;6;37;39;39;38,0037453183521;2,45485268587129;4;59;16;21;157;38;230;81;187;259;4;0;47;20;56;16;71;1;3;2;0;46;267;0;1;0;0;141;127;241;5;0;22;0;29;216;23;2908,75;3277,5;3610;3218,75;625,880372464822;14;203;46;4;262;9,57894736842105;0,961214061846352;3;265
2016;"MUNICIPIO";431531;10;0;10;0;1;3;3;3;0;0;0;0;10;21,75;28,5;29,75;26,3;5,16505351160835;0;1;4;3;1;1;5;1;0;4;0;0;0;4;6;10;0;0;0;0;2;7;1;2;7;1;39;39;40;39;2,21108319357027;0;0;1;1;8;10;0;4;6;10;0;0;0;3;3;1;1;0;0;0;0;2;10;0;0;0;0;6;4;5;1;0;4;0;3;6;1;2560;3210;3468,75;3127,5;595,824592010471;2;7;0;0;10;9,4;0,516397779494322;0;10
2016;"MUNICIPIO";431532;14;0;14;0;2;1;4;4;2;1;0;0;14;27;29,5;33,5;29,2142857142857;7,09472796061729;0;1;6;6;0;1;12;0;0;2;0;0;0;4;10;13;1;0;0;1;1;11;1;2;11;1;37;38,5;39;37,6428571428571;3,24883749284957;0;3;0;0;11;13;1;6;8;13;0;1;1;2;1;5;3;0;0;0;1;1;13;0;1;0;0;7;7;12;0;0;2;0;2;12;0;3130;3282,5;3448,75;3087,14285714286;809,213089473857;0;12;1;0;14;9,42857142857143;0,85163062725264;0;14
2016;"MUNICIPIO";431535;46;0;46;0;6;9;14;9;8;0;0;0;46;23;26;32;27,3478260869565;6,11816018570706;0;0;15;27;1;3;42;0;0;4;0;0;0;21;25;46;0;0;0;2;3;41;0;5;41;0;38;39;39;38,2173913043478;2,21020907485907;0;10;5;2;29;46;0;9;37;43;3;0;6;12;4;3;13;2;1;0;0;5;46;0;0;0;0;24;22;42;0;0;4;0;5;39;2;2847,5;3050;3397,5;3047,0652173913;638,670125327236;4;38;4;0;46;9,47826086956522;0,657913551726892;0;46
2016;"MUNICIPIO";431540;156;0;155;3;43;39;28;21;20;2;0;0;153;19;23;30;24,7884615384615;7,12017543765793;3;17;64;52;4;16;63;0;0;5;88;0;0;64;92;154;2;0;1;0;18;135;2;19;135;2;38;38;39;38,2371794871795;1,89434533584758;2;30;10;19;95;155;1;88;68;152;4;0;36;20;43;7;29;1;2;2;0;16;153;0;2;1;0;75;81;63;0;0;5;88;11;136;9;2900;3212;3542;3214,54487179487;579,636274638465;7;127;20;1;154;9,56129032258064;0,675007176178707;1;155
2016;"MUNICIPIO";431545;9;0;9;1;1;1;1;3;2;0;0;0;8;21;32;34;28,5555555555556;8,56024402559751;0;1;2;4;1;1;9;0;0;0;0;0;0;2;7;9;0;0;0;1;0;8;0;1;8;0;37;38;38;36,7777777777778;3,38296385503074;0;2;0;0;7;9;0;2;7;6;3;0;0;1;0;1;3;0;3;0;0;1;9;0;0;0;0;4;5;9;0;0;0;0;1;7;1;2830;3365;3525;3101,11111111111;865,490387648015;0;7;2;0;9;9,55555555555556;0,726483157256779;0;9
2016;"MUNICIPIO";431550;199;0;189;1;27;38;56;51;24;2;0;0;198;22;28;33;27,4120603015075;6,4228958568752;0;10;64;83;8;34;146;23;0;28;0;0;0;81;118;197;2;0;2;2;17;175;1;21;175;1;38;38;39;38,1573604060914;2,24758581072839;3;45;9;12;128;193;6;65;134;188;11;0;22;51;17;26;54;5;6;2;0;14;195;0;0;4;0;95;104;146;23;0;28;0;18;171;10;2872,5;3200;3507,5;3146,75879396985;595,940113009258;15;161;19;2;196;9,56565656565657;1,06786580804528;2;195
2016;"MUNICIPIO";431555;33;0;18;0;9;3;9;8;3;1;0;0;33;18;28;30;26;7,21976453909683;0;1;12;14;1;5;25;2;0;3;3;0;0;17;16;32;1;0;0;0;3;28;2;3;28;2;38;38;39;38,3333333333333;1,89846429164909;0;6;3;2;21;33;0;5;28;17;1;0;7;3;0;0;6;0;1;1;0;1;33;0;0;0;0;18;15;25;2;0;3;3;3;29;1;3065;3230;3550;3269,69696969697;462,792035155133;2;24;5;0;33;9,66666666666667;0,478713553878169;0;33
2016;"MUNICIPIO";431560;2848;0;2565;14;456;702;677;585;337;72;5;0;2834;21;27;32;26,7366573033708;6,64067182567296;11;91;969;1081;235;459;2147;343;6;278;3;0;0;1188;1660;2786;60;2;12;26;324;2253;221;364;2253;221;38;39;40;38,700140944327;2,51199588970294;39;697;157;180;1639;131;2717;1254;1584;2709;103;13;614;363;507;211;670;39;49;59;13;297;2832;2;12;2;0;1451;1396;2147;343;6;278;3;254;2411;183;2920;3240;3556,25;3202;578,507283015158;202;2138;330;38;2788;9,01344656758669;0,88237191011695;20;2806
2016;"MUNICIPIO";431570;451;0;424;0;77;106;107;91;53;15;2;0;451;21;26;32;26,9024390243902;6,89278323354268;1;16;161;205;26;42;371;49;0;31;0;0;0;191;260;436;15;1;2;8;82;341;17;93;341;17;37;38;39;37,8314855875831;2,66633035573294;1;77;26;41;280;127;324;143;308;434;16;1;33;117;23;60;114;3;10;15;1;75;451;0;0;0;0;239;212;371;49;0;31;0;37;391;23;2850;3190;3490;3167,35920177384;526,490185218876;19;354;56;3;448;9,12195121951219;0,739808808524697;1;450
2016;"MUNICIPIO";431575;39;0;37;0;11;6;10;10;1;1;0;0;39;19;26;31;25,5128205128205;6,68412020298777;1;0;21;13;2;1;33;1;0;4;1;0;0;18;21;39;0;0;0;0;4;35;0;4;35;0;37,5;38;40;38,3846153846154;1,81536402925266;1;4;0;4;29;39;0;21;18;38;1;0;6;10;3;5;10;1;0;0;0;4;39;0;0;0;0;18;21;33;1;0;4;1;5;33;1;2707,5;3270;3492,5;3095,02564102564;596,829098661792;5;33;1;1;38;9,17948717948718;1,44862538966019;0;39
2016;"MUNICIPIO";431580;127;0;124;0;16;27;35;24;17;8;0;0;127;22;28;33,5;27,8818897637795;6,9117040983615;0;5;40;63;6;13;116;6;0;5;0;0;0;48;79;122;5;0;1;0;12;110;3;13;110;3;38;38;39;38,2222222222222;2,07417989148054;1;25;6;2;93;109;18;56;71;93;34;0;10;21;20;9;20;12;21;5;0;8;127;0;0;0;0;63;64;116;6;0;5;0;8;114;5;2832,5;3135;3415;3129,28346456693;496,496789382637;4;107;9;3;124;9,67716535433071;1,06816776641258;1;126
2016;"MUNICIPIO";431590;76;0;75;0;10;17;21;18;8;2;0;0;76;23;26,5;32;27,1578947368421;6,40010964818353;0;2;29;26;3;16;75;0;0;1;0;0;0;37;39;68;8;0;2;3;10;59;2;15;59;2;37;38;39;37,6315789473684;2,81350128375379;0;4;5;2;65;19;57;18;58;62;8;6;8;16;8;6;10;5;1;8;6;8;76;0;0;0;0;38;38;75;0;0;1;0;16;59;1;2685;3060;3396,25;2950,19736842105;672,660608226503;5;60;3;1;74;9,6;0,735214622093808;2;73
2016;"MUNICIPIO";431595;17;0;17;0;4;3;2;3;4;1;0;0;17;22;28;37;28,4117647058824;9,09710684455099;0;2;8;6;0;1;17;0;0;0;0;0;0;4;13;17;0;0;0;1;1;14;1;2;14;1;38;39;39;38,2941176470588;2,56818773365463;0;1;2;3;11;17;0;8;9;16;1;0;2;1;5;1;5;1;0;0;0;2;17;0;0;0;0;9;8;17;0;0;0;0;6;10;1;2320;2780;3400;2775,88235294118;779,327104170077;5;11;1;0;17;9,88235294117647;0,485071250072666;0;17
2016;"MUNICIPIO";431600;244;0;235;0;29;63;62;51;32;7;0;0;244;22;27;32;27,3688524590164;6,60053722676009;0;15;106;93;15;15;208;6;0;30;0;0;0;110;134;240;4;0;1;1;13;228;1;15;228;1;38;39;40;38,7049180327869;1,70541874027275;0;41;7;9;183;213;31;94;150;235;8;1;29;70;34;31;57;3;4;3;1;12;242;0;0;2;0;127;117;208;6;0;30;0;22;207;15;2939;3230,5;3548,5;3217,34426229508;561,134950289214;18;199;23;3;241;9,14754098360656;0,802999840080556;3;237
2016;"MUNICIPIO";431610;97;0;91;1;14;16;33;19;12;2;0;0;96;23;27;32;27,1237113402062;6,47633147822188;0;8;31;43;3;11;64;0;0;11;21;0;0;40;57;97;0;0;0;0;4;92;1;4;92;1;38;38;39;38,2886597938144;1,10829037717444;0;9;3;7;77;19;78;9;88;95;1;0;7;31;4;18;31;1;0;0;0;4;97;0;0;0;0;50;47;64;0;0;11;21;11;82;4;2870;3205;3450;3140,15463917526;503,716114249183;12;77;8;1;96;9,16494845360825;1,01735371973827;0;97
2016;"MUNICIPIO";431620;44;0;44;0;1;10;10;13;8;1;0;1;43;25,5;30;33;29,4090909090909;6,60626264472419;0;0;8;24;3;9;39;0;0;5;0;0;0;16;28;44;0;0;0;0;4;40;0;4;40;0;38;38;39;38,1818181818182;1,08419356533028;0;5;0;0;39;7;37;2;42;40;2;2;3;11;0;2;20;1;1;0;2;4;44;0;0;0;0;23;21;39;0;0;5;0;6;37;1;2745;2900;3300;2981,13636363636;424,173428271486;5;38;1;1;43;8,75;1,3140563861747;0;44
2016;"MUNICIPIO";431630;69;0;69;0;5;6;20;20;15;3;0;0;69;26;30;35;29,7391304347826;6,41150659984027;0;4;12;23;3;27;65;1;0;3;0;0;0;31;38;65;4;0;0;0;11;56;2;11;56;2;37;39;40;38,4057971014493;1,99498518776537;0;8;5;3;53;69;0;17;52;63;6;0;10;14;5;10;11;1;5;4;0;9;69;0;0;0;0;35;34;65;1;0;3;0;8;56;5;2960;3270;3630;3267,89855072464;539,426714886427;5;49;11;0;69;9,81159420289855;0,46258106821592;2;67
2016;"MUNICIPIO";431640;449;0;442;5;87;120;88;88;50;9;2;0;444;21;25;31;25,9710467706013;6,89762892879325;2;14;148;213;16;55;403;30;0;15;0;0;0;217;232;445;4;0;3;4;42;390;10;49;390;10;38;39;40;38,4654788418708;2,14939511946353;4;64;12;19;346;29;420;174;275;423;24;1;95;80;85;36;81;13;11;4;1;42;448;1;0;0;0;240;209;403;30;0;15;0;35;385;29;2950;3275;3550;3229,30512249443;556,678801813829;22;365;55;4;445;9,71937639198218;0,774368154572757;5;444
2016;"MUNICIPIO";431642;23;0;20;0;3;5;2;6;6;0;1;0;23;23,5;33;35,5;29,695652173913;8,20994287771456;0;3;7;9;1;3;20;1;0;1;0;0;0;8;15;23;0;0;0;0;1;22;0;1;22;0;38;39;39;38,6086956521739;1,43777386117892;1;5;0;1;15;23;0;5;18;20;2;0;4;3;2;1;9;0;2;0;0;1;23;0;0;0;0;15;8;20;1;0;1;0;1;22;0;2827,5;3200;3469;3164,13043478261;378,752054221591;2;21;0;0;23;9,1304347826087;0,694415897524803;1;22
2016;"MUNICIPIO";431643;33;0;33;0;3;10;4;8;6;2;0;0;33;22;28;34;28,6363636363636;7,12749158986781;0;0;6;14;2;11;33;0;0;0;0;0;0;18;15;33;0;0;0;0;1;32;0;1;32;0;37;38;39;38,0606060606061;1,32144319636227;0;8;2;1;22;33;0;7;26;31;2;0;9;7;2;2;11;2;0;0;0;0;33;0;0;0;0;18;15;33;0;0;0;0;2;31;0;2865;3070;3400;3055,45454545455;482,879325693095;3;29;1;0;33;9,21212121212121;0,649883439432399;0;33
2016;"MUNICIPIO";431645;154;0;151;2;26;34;35;30;24;2;1;0;152;21;26,5;32;26,9220779220779;6,97008778700773;2;2;56;63;5;26;116;6;0;25;7;0;0;60;94;150;4;0;0;0;17;135;1;17;135;1;37;38;38;37,8366013071895;1,38344305581491;1;45;5;7;94;44;110;17;137;147;7;0;8;42;6;19;53;4;2;4;0;15;154;0;0;0;0;83;71;116;6;0;25;7;8;145;1;2815;3100;3320;3072,3961038961;389,076557461922;7;135;7;1;153;9,81168831168831;0,557415611239352;1;153
2016;"MUNICIPIO";431647;29;0;29;0;0;5;14;7;3;0;0;0;29;26;27;31;28,5862068965517;4,66382155823887;0;0;2;18;3;6;27;0;0;2;0;0;0;21;8;29;0;0;1;1;2;25;0;4;25;0;38;39;39;37,6206896551724;3,40602190563638;0;2;4;2;21;29;0;10;19;28;1;0;6;11;1;0;6;1;0;0;0;4;29;0;0;0;0;18;11;27;0;0;2;0;4;24;1;2765;3070;3500;2974,8275862069;755,524277239016;4;24;1;2;27;9,13793103448276;2,4308161170837;1;28
2016;"MUNICIPIO";431650;89;0;86;0;6;19;27;14;19;4;0;0;89;24;28;35;28,8539325842697;6,38455266781712;0;2;26;33;4;24;81;5;0;3;0;0;0;44;45;87;2;0;0;1;12;75;1;13;75;1;37;38;39;38,123595505618;2,01031558309036;0;16;3;2;66;87;2;30;59;80;8;1;14;19;14;10;15;5;1;2;1;8;86;2;1;0;0;46;43;81;5;0;3;0;9;77;3;2815;3140;3455;3110,15730337079;546,352406645373;5;74;8;0;89;9,58426966292135;0,618079664695509;0;89
2016;"MUNICIPIO";431660;173;0;167;2;20;28;49;49;20;5;0;0;171;23;28;33;27,9942196531792;6,55521903721688;0;2;38;86;7;40;157;2;0;14;0;0;0;81;92;171;2;0;3;1;16;151;1;20;151;1;38;39;39,25;38,406976744186;2,49151968457753;0;8;3;5;156;38;135;53;120;163;5;0;30;34;17;22;43;3;2;2;0;15;173;0;0;0;0;111;62;157;2;0;14;0;16;152;5;2885;3240;3480;3150,17341040462;570,667259369933;15;142;13;3;170;9,56647398843931;1,18244314759086;1;172
2016;"MUNICIPIO";431670;90;0;90;0;11;25;21;9;20;4;0;0;90;22;27;35;27,7555555555556;7,2115872913613;0;3;27;34;5;21;88;0;0;2;0;0;0;45;45;90;0;0;0;1;4;83;2;5;83;2;38;39;40;38,5888888888889;1,80445419208575;0;15;4;4;67;20;70;32;58;89;1;0;17;26;14;8;19;0;1;0;0;5;90;0;0;0;0;36;54;88;0;0;2;0;14;73;3;2741,25;3062,5;3498,75;3073,16666666667;583,026031951048;17;65;8;1;89;9,06666666666667;0,614433145173371;0;90
2016;"MUNICIPIO";431673;11;0;10;1;1;2;5;1;1;0;0;0;10;22,5;26;28;25,7272727272727;6,42013876938667;0;1;2;7;0;1;11;0;0;0;0;0;0;4;7;11;0;0;0;0;1;10;0;1;10;0;39;39;40;38,9090909090909;2,25630429927106;0;2;1;0;8;11;0;5;6;10;0;0;1;2;2;1;3;0;0;0;0;1;11;0;0;0;0;3;8;11;0;0;0;0;0;10;1;3175;3290;3657,5;3386,81818181818;441,776372881533;1;8;2;0;11;9,81818181818182;0,404519917477945;0;11
2016;"MUNICIPIO";431675;65;0;65;0;6;16;13;17;10;2;1;0;65;24;28;33;28,5538461538462;6,82374248770142;0;5;21;28;4;7;60;2;0;3;0;0;0;36;29;64;1;0;1;1;5;57;1;7;57;1;38;39;39;38,2769230769231;2,38162032755336;1;3;1;1;59;65;0;29;36;56;9;0;1;25;5;8;12;6;2;1;0;5;65;0;0;0;0;36;29;60;2;0;3;0;6;54;5;2905;3310;3680;3240,06153846154;599,98418929489;2;53;9;0;65;9,72307692307692;0,673324130427081;0;65
2016;"MUNICIPIO";431680;1641;0;1625;4;183;282;389;471;269;40;3;0;1637;23;29;34;28,4789762340037;6,4703604095377;1;41;398;667;160;374;1347;114;0;180;0;0;0;756;885;1599;42;0;7;17;131;1485;1;155;1485;1;38;39;39;38,2535039609994;2,01587334342267;3;306;53;77;1187;31;1610;466;1175;1543;93;4;134;509;133;245;379;46;38;41;4;112;1641;0;0;0;0;818;823;1347;114;0;180;0;148;1377;116;2920;3250;3570;3210,69713589275;580,544248684643;77;1318;204;17;1624;9,34795856185253;0,819099617658125;34;1607
2016;"MUNICIPIO";431690;3518;0;3427;23;477;720;819;856;485;131;6;1;3494;22;28;33;27,681637293917;6,85317469107355;8;72;843;1594;281;712;2854;285;5;363;11;0;0;1527;1991;3410;108;1;20;32;460;2966;35;513;2966;35;37;38;39;38,0199203187251;2,13923306965353;53;769;186;154;2287;20;3498;1205;2313;3323;185;8;400;860;374;402;825;64;78;106;8;396;3495;0;16;7;0;1799;1719;2854;285;5;363;11;362;3003;153;2865;3185;3490;3140,69840818647;563,251244527251;185;2901;305;32;3471;9,63745361119041;0,752981146604716;38;3479
2016;"MUNICIPIO";431695;50;0;45;0;3;6;13;14;11;3;0;0;50;26;30,5;35,75;30,42;6,21088576942261;0;1;19;23;2;5;49;0;0;0;0;0;0;26;24;48;2;0;0;1;4;44;1;5;44;1;38;39;40;38,5;2,11167792844207;0;8;1;2;39;50;0;12;38;46;3;0;4;18;2;5;13;1;1;2;0;3;50;0;0;0;0;26;24;49;0;0;0;0;2;44;4;3106,25;3340;3602,5;3314,14;509,950017958943;1;39;8;1;49;9,44;0,81215259448868;0;48
2016;"MUNICIPIO";431697;23;0;22;0;2;10;5;4;1;1;0;0;23;21,5;24;29,5;25,6086956521739;5,59820694049591;0;1;8;12;0;2;22;0;0;1;0;0;0;11;12;23;0;0;0;0;3;20;0;3;20;0;38;39;40;38,6521739130435;1,46500684615757;0;3;2;3;15;22;1;5;18;23;0;0;3;7;2;4;4;0;0;0;0;3;22;0;0;1;0;14;9;22;0;0;1;0;1;20;2;2905;3290;3647,5;3299,86956521739;540,070559729158;2;17;4;0;22;9,40909090909091;0,734139659030241;0;23
2016;"MUNICIPIO";431700;53;0;46;0;10;11;5;22;2;3;0;0;53;21;30;32;27,4150943396226;7,1721522417884;1;4;17;25;1;5;43;6;0;4;0;0;0;24;29;53;0;0;0;1;3;49;0;4;49;0;38;39;40;38,8867924528302;1,96762622856237;0;10;2;5;32;53;0;19;34;53;0;0;9;14;12;6;8;0;0;0;0;4;51;0;0;2;0;31;22;43;6;0;4;0;5;45;3;2985;3280;3535;3222,43396226415;565,226316464815;4;44;5;0;51;9,52941176470588;0,673882517252691;0;51
2016;"MUNICIPIO";431710;1189;0;1137;8;189;311;257;237;137;49;1;0;1181;21;26;32;26,780487804878;6,95934002377811;1;51;390;589;55;102;950;79;6;147;7;0;0;469;720;1172;17;1;9;11;129;1015;24;150;1015;24;38;39;40;38,2817493692178;2,28827599693338;19;352;84;81;636;27;1162;495;694;1163;18;3;232;166;247;67;302;8;9;17;3;133;1181;3;5;0;0;617;572;950;79;6;147;7;94;1033;62;2935;3240;3560;3212,17998317914;553,552799275301;67;965;135;7;1181;9,77020202020202;0,735583230317141;2;1162
2016;"MUNICIPIO";431720;998;0;991;4;105;213;273;214;152;37;0;0;994;23;28;33;27,9629258517034;6,52989639253217;2;19;182;499;70;226;865;17;0;115;1;0;0;482;516;960;38;3;3;11;114;862;5;131;862;5;37;38;39;38,0450901803607;2,18294909288103;2;134;41;72;747;32;966;195;803;937;60;1;93;293;81;115;236;28;18;38;1;95;998;0;0;0;0;533;465;865;17;0;115;1;110;837;51;2870;3190;3480;3153,00501002004;580,547915871566;50;813;97;9;987;8,92068273092369;0,966126772450281;4;992
2016;"MUNICIPIO";431725;12;0;12;0;3;2;5;1;1;0;0;0;12;20,5;26;28,25;25,0833333333333;5,46822778891984;0;0;3;5;2;2;12;0;0;0;0;0;0;7;5;12;0;0;0;0;2;10;0;2;10;0;37;38;38,25;37,6666666666667;1,37068883368468;0;0;0;1;11;12;0;4;8;11;0;1;1;5;0;1;3;0;0;0;1;1;12;0;0;0;0;6;6;12;0;0;0;0;1;11;0;2846,25;3072,5;3448,75;3099,58333333333;442,089348915174;0;11;1;1;11;8,25;2,76750626179796;0;12
2016;"MUNICIPIO";431730;402;0;374;3;60;117;80;96;36;10;0;0;399;21;26;31;26,271144278607;6,56360502367507;0;7;137;171;18;69;321;37;0;44;0;0;0;169;233;394;8;0;1;0;39;353;8;40;353;8;38;39;40;38,4563591022444;1,82447683205986;3;89;28;24;231;23;379;181;221;388;12;2;60;89;58;63;81;7;2;7;2;32;401;0;0;1;0;191;211;321;37;0;44;0;31;348;23;2955;3285;3600;3249,01741293532;512,371234059393;21;322;50;11;391;9,51741293532338;1,16085155502323;3;397
2016;"MUNICIPIO";431740;627;0;618;3;78;150;159;142;75;20;0;0;624;22;28;32;27,3827751196172;6,5092872912787;0;8;98;325;47;149;567;6;0;53;0;0;0;301;326;613;14;0;3;3;51;569;1;57;569;1;38;38;39;38,1515151515151;1,71378831375253;6;71;28;28;489;27;600;127;500;600;25;2;95;173;56;80;145;14;7;12;2;43;625;0;2;0;0;310;317;567;6;0;53;0;44;565;18;2915;3190;3487,5;3157,75598086124;512,085362020164;32;528;52;4;622;9,45207667731629;0,668206315827067;8;619
2016;"MUNICIPIO";431750;1030;0;1025;12;156;237;233;227;127;38;0;0;1018;21;27;32;26,9873786407767;6,87489453385525;0;20;250;461;81;218;943;4;32;50;1;0;0;437;593;1005;25;0;6;8;99;915;2;113;915;2;38;39;40;38,4456310679612;2,01463434523509;7;190;73;88;670;15;1015;326;704;985;44;0;88;283;101;157;251;21;17;25;0;86;1028;0;1;1;0;536;494;943;4;32;50;1;93;893;44;2880;3180;3460;3143,02427184466;547,51197331779;63;870;72;11;1017;9,67509727626459;0,718026676355078;8;1022
2016;"MUNICIPIO";431755;16;0;14;0;1;5;1;6;3;0;0;0;16;20,75;30;33;28;7,20185161376341;0;0;6;7;1;2;14;1;0;1;0;0;0;8;8;14;2;0;2;1;2;11;0;5;11;0;35,75;38;40;36;5,65685424949238;0;2;0;1;11;16;0;2;14;13;3;0;1;3;1;1;2;3;0;2;0;3;16;0;0;0;0;10;6;14;1;0;1;0;4;11;1;2556,25;2965;3415;2737,1875;1059,81911782153;2;11;1;2;14;8,1875;2,85700892543233;1;15
2016;"MUNICIPIO";431760;471;0;450;6;71;93;102;119;56;22;2;0;465;22;28;33;27,6815286624204;7,07561429546716;3;22;152;198;40;55;400;44;0;25;1;0;0;199;272;460;11;0;1;0;41;423;3;42;423;3;38;39;40;38,6474358974359;1,84566563439798;0;89;28;26;322;465;6;191;280;436;26;3;61;107;63;58;108;8;14;10;3;30;465;0;2;4;0;241;230;400;44;0;25;1;57;380;34;2850;3210;3595;3187,09341825902;604,756708404995;40;368;49;3;465;9,56196581196581;0,773217354990043;5;465
2016;"MUNICIPIO";431770;98;0;96;1;15;22;28;22;4;6;0;0;97;23;25,5;32;26,6938775510204;6,49886296679199;1;5;33;40;5;14;90;0;0;7;0;0;0;38;60;96;2;0;0;2;10;81;5;12;81;5;38;39;40;38,5102040816327;2,14064687187921;0;21;12;14;51;97;1;35;63;96;2;0;16;19;23;10;17;0;2;2;0;9;97;0;1;0;0;59;39;90;0;0;7;0;8;82;8;2865;3260;3643,75;3275,10204081633;587,536346579931;10;68;18;0;97;9,82474226804124;0,382162413072814;0;98
2016;"MUNICIPIO";431775;14;0;14;0;1;1;7;3;1;1;0;0;14;26,25;28;30,75;29,0714285714286;5,77080564585204;0;0;3;8;0;3;14;0;0;0;0;0;0;2;12;14;0;0;0;0;0;14;0;0;14;0;37;37;38,75;37,8571428571429;1,35062053300541;0;1;0;0;13;14;0;2;12;14;0;0;0;2;2;2;8;0;0;0;0;0;14;0;0;0;0;6;8;14;0;0;0;0;2;11;1;2876,25;3107,5;3392,5;3166,78571428571;458,029253108682;2;10;2;0;14;9,92857142857143;0,267261241912424;0;14
2016;"MUNICIPIO";431780;196;0;196;0;22;53;46;45;22;7;1;0;196;22;27;31,25;27,3214285714286;6,44374075144204;0;3;48;92;13;40;163;3;0;30;0;0;0;79;117;188;8;0;2;2;28;158;6;32;158;6;37;38;39;37,8112244897959;2,40300592327497;1;43;1;7;144;35;161;33;163;182;14;0;8;55;2;18;70;7;5;8;0;23;196;0;0;0;0;108;88;163;3;0;30;0;24;169;3;2777,5;3050;3316,25;2998,38775510204;583,698343810604;16;162;10;2;194;9,37755102040816;1,02297009628649;0;196
2016;"MUNICIPIO";431790;128;0;128;1;5;18;44;37;22;1;0;0;127;25,75;29;33;28,9453125;5,36730932128881;0;1;24;67;6;30;117;2;0;9;0;0;0;63;65;127;1;0;1;0;6;121;0;7;121;0;38;39;39;38,4609375;1,86514800134711;0;21;5;12;90;19;109;32;96;128;0;0;18;41;17;17;28;0;0;1;0;6;128;0;0;0;0;77;51;117;2;0;9;0;8;110;10;3025;3412,5;3690;3355,578125;524,80650516564;7;95;25;4;124;9,03125;1,32175914753577;0;128
2016;"MUNICIPIO";431795;24;0;23;0;3;6;4;8;3;0;0;0;24;22,75;28;32,25;27,2083333333333;5,94890685366843;0;0;1;13;3;7;22;1;0;1;0;0;0;11;13;24;0;0;0;0;0;23;1;0;23;1;38;39;39;38,7083333333333;1,16017864691332;0;2;1;1;20;24;0;6;18;22;0;1;5;5;2;0;10;0;0;0;1;0;24;0;0;0;0;11;13;22;1;0;1;0;2;20;2;2817,5;3120;3392,5;3118,75;470,088451436443;3;19;2;0;24;9,75;0,442325868464691;0;24
2016;"MUNICIPIO";431800;807;0;800;6;147;236;179;134;89;15;1;0;801;20;25;31;25,8959107806691;6,679777312522;0;22;244;395;40;106;762;7;2;36;0;0;0;335;472;791;16;0;6;7;60;730;4;73;730;4;38;39;39;38,3754646840149;2,13014351988651;4;119;109;103;466;33;774;164;643;776;31;0;104;185;102;82;232;11;17;16;0;58;806;0;1;0;0;413;394;762;7;2;36;0;73;703;31;2885;3185;3490;3144,97149938042;565,035720279408;55;666;70;4;802;9,77047146401985;0,659886326408541;8;799
2016;"MUNICIPIO";431805;22;0;22;0;0;4;6;5;6;1;0;0;22;27;30,5;35;30,6818181818182;5,66010570014346;0;1;5;7;0;9;21;1;0;0;0;0;0;10;12;22;0;0;0;0;1;21;0;1;21;0;38;39;40;38,7727272727273;1,57152695481082;0;3;0;3;16;22;0;6;16;17;5;0;3;5;4;1;3;2;3;0;0;1;22;0;0;0;0;12;10;21;1;0;0;0;0;22;0;3002,5;3300;3393,75;3226,59090909091;335,762764759784;0;21;1;0;22;9,27272727272727;0,631085095901019;0;22
2016;"MUNICIPIO";431810;174;0;167;3;22;34;46;42;22;5;0;0;171;22;27,5;33;27,4655172413793;6,77947135194476;0;7;57;93;2;14;151;6;0;13;0;0;0;62;112;163;11;0;0;1;24;145;1;25;145;1;37;38;39;37,9239766081871;1,64497755376503;1;29;5;3;135;94;80;64;110;149;24;1;20;27;23;17;36;8;12;11;1;17;174;0;0;0;0;72;102;151;6;0;13;0;20;146;8;2788,75;3205;3467,5;3132,27586206897;537,220930422962;9;138;13;1;173;9,67816091954023;0,608119490721751;2;172
2016;"MUNICIPIO";431820;294;0;219;0;56;84;66;53;31;4;0;0;294;21;25;31;25,8027210884354;6,58277767007845;1;11;127;105;15;25;223;11;1;53;0;0;0;99;195;290;4;0;0;0;19;264;1;19;264;1;38;39;39;38,3978873239437;1,44148374235903;1;87;13;14;134;81;213;99;195;245;13;0;30;59;28;42;62;1;10;4;0;17;294;0;0;0;0;156;138;223;11;1;53;0;25;256;13;2805;3095;3395;3105,12585034014;501,863980673446;27;232;20;4;289;9,64163822525597;0,761604321576115;0;291
2016;"MUNICIPIO";431830;832;0;828;6;152;205;191;156;90;32;0;0;826;21;26;31;26,3533653846154;6,8478487998222;4;43;291;381;42;71;662;55;0;114;0;0;0;341;491;810;22;0;1;6;84;723;18;91;723;18;38;39;39;38,4194711538462;1,93846508662576;7;241;63;66;452;79;753;190;642;796;33;3;137;146;82;105;238;17;12;21;3;71;831;0;1;0;0;445;387;662;55;0;114;0;77;710;45;2880;3197,5;3505;3173,04447115385;566,02412146702;56;670;82;8;823;9,54151624548737;0,726700489778423;6;826
2016;"MUNICIPIO";431840;264;0;261;1;46;62;62;49;38;6;0;0;263;22;26;32;26,8977272727273;6,68925664860367;0;9;88;109;17;41;224;18;0;22;0;0;0;105;159;258;6;0;0;2;26;234;1;28;234;1;37;38;39;38,3346007604563;1,73266235272457;2;55;7;7;192;54;210;98;166;253;10;1;20;70;20;48;63;5;4;6;1;26;263;0;1;0;0;122;142;224;18;0;22;0;28;230;6;2825;3120;3402,5;3097,33712121212;472,660124340409;14;229;14;1;262;9,57794676806084;0,612067236910339;1;263
2016;"MUNICIPIO";431842;41;0;41;1;7;9;7;11;5;1;0;0;40;20;28;31;26,7317073170732;7,21118710838896;0;1;12;20;4;4;41;0;0;0;0;0;0;28;13;39;2;0;0;0;1;39;1;1;39;1;38;39;39;38,8292682926829;1,26298137405882;1;1;0;2;37;40;1;9;32;38;3;0;10;13;4;0;9;2;0;2;0;1;40;1;0;0;0;20;21;41;0;0;0;0;4;36;1;2930;3250;3530;3204,75609756098;446,528206303242;3;34;2;0;41;9,60975609756098;0,542127696234375;0;41
2016;"MUNICIPIO";431843;23;0;22;0;4;5;7;4;2;1;0;0;23;22;27;32;26,6086956521739;7,04362465079904;0;1;12;5;0;5;12;5;0;6;0;0;0;8;15;23;0;0;0;0;1;22;0;1;22;0;37,5;38;40;38,5217391304348;1,41001499725716;0;4;0;1;18;22;1;11;12;23;0;0;2;6;1;4;9;0;0;0;0;1;22;0;0;1;0;13;10;12;5;0;6;0;0;22;1;3047,5;3350;3602,5;3325,4347826087;417,522217817856;0;22;1;0;22;9,77272727272727;0,428932027228889;0;23
2016;"MUNICIPIO";431844;18;0;18;0;1;5;5;2;5;0;0;0;18;24;26,5;34,5;28,4444444444444;5,77237052153693;0;1;3;6;2;6;13;1;0;4;0;0;0;7;11;18;0;0;0;0;1;17;0;1;17;0;38,25;39,5;40;39,0555555555556;1,34917064817928;0;2;2;1;13;18;0;0;18;18;0;0;6;1;0;2;8;0;0;0;0;1;18;0;0;0;0;11;7;13;1;0;4;0;0;18;0;3047,5;3182,5;3425;3234,44444444444;385,692230582917;0;18;0;1;17;9,55555555555556;1,04161764590537;0;18
2016;"MUNICIPIO";431845;22;0;21;0;6;5;4;4;2;1;0;0;22;19,5;24,5;30;25,3181818181818;7,62443667637384;0;0;4;13;0;5;22;0;0;0;0;0;0;15;7;22;0;0;0;0;2;20;0;2;20;0;38;38;39;38;1,44749372891149;0;0;1;1;19;22;0;4;18;22;0;0;4;10;1;0;5;0;0;0;0;2;22;0;0;0;0;9;13;22;0;0;0;0;3;19;0;2953,75;3080;3313,75;3067,72727272727;386,870001768551;2;19;1;0;22;9,27272727272727;0,631085095901019;0;22
2016;"MUNICIPIO";431846;17;0;17;1;1;7;3;2;3;0;0;0;16;21;24;30;25,9411764705882;6,95045491528517;0;1;5;10;0;1;16;0;0;1;0;0;0;8;9;17;0;0;1;0;4;12;0;5;12;0;36;38;39;37,4117647058824;3,50105026258928;0;3;2;0;12;17;0;3;14;14;2;1;2;3;0;1;3;0;2;0;1;5;17;0;0;0;0;11;6;16;0;0;1;0;2;14;1;2875;3200;3490;3064,70588235294;765,76854896779;2;14;1;0;17;9,23529411764706;0,752446988556825;0;17
2016;"MUNICIPIO";431848;35;0;35;0;5;5;10;8;7;0;0;0;35;23,5;27;33,5;28,2285714285714;6,81730373770311;0;1;7;20;5;2;34;0;0;1;0;0;0;20;15;33;2;0;0;0;4;31;0;4;31;0;37;38;39;38,1714285714286;1,2944613752835;0;1;0;1;33;35;0;5;30;33;2;0;4;10;2;3;10;2;0;2;0;2;35;0;0;0;0;17;18;34;0;0;1;0;1;31;3;2952,5;3175;3472,5;3254,14285714286;450,342166831944;1;28;4;0;35;9,51428571428571;0,658493314603991;0;35
2016;"MUNICIPIO";431849;19;0;18;0;1;5;6;5;1;0;1;0;19;23;27;32;27,5789473684211;6,73560843967578;0;0;3;10;1;5;19;0;0;0;0;0;0;12;7;19;0;0;0;0;2;14;3;2;14;3;38;39;40;39;2;0;1;2;1;15;19;0;1;18;19;0;0;2;8;0;2;5;0;0;0;0;2;19;0;0;0;0;11;8;19;0;0;0;0;0;17;2;3052,5;3285;3630;3361,05263157895;390,649668811699;0;17;1;0;19;9,21052631578947;0,418853908291695;0;19
2016;"MUNICIPIO";431850;312;0;287;1;56;75;68;74;29;8;1;0;311;21;26;32;26,4967948717949;6,85588835441514;2;28;116;121;15;30;226;34;1;42;0;0;0;132;180;305;7;0;4;3;29;256;19;36;256;19;38;39;40;38,6270096463022;2,73137866580884;3;69;14;11;205;310;2;126;186;297;10;3;56;52;48;39;65;4;3;7;3;32;311;0;1;0;0;160;151;226;34;1;42;0;27;266;19;2860;3202,5;3572,5;3178,90384615385;604,09028922954;17;240;37;12;298;8,81935483870968;1,29710141250762;3;307
2016;"MUNICIPIO";431860;58;0;57;0;5;12;18;11;8;3;1;0;58;24;28;33;28,3103448275862;6,94895397038408;0;1;13;23;5;16;50;0;0;6;2;0;0;27;31;58;0;0;0;0;9;48;1;9;48;1;38;39;39;38,1551724137931;2,09260790987916;0;6;4;2;46;9;49;17;41;56;1;0;11;12;9;2;14;1;0;0;0;8;58;0;0;0;0;22;36;50;0;0;6;2;7;50;1;2822,5;3172,5;3418,75;3057,06896551724;594,966484742907;6;49;3;1;57;9,72413793103448;0,790138860731295;0;58
2016;"MUNICIPIO";431861;31;0;31;0;1;6;7;13;4;0;0;0;31;25;30;33;28,6129032258065;5,32088601240331;0;0;12;14;2;3;27;1;0;3;0;0;0;13;18;31;0;0;0;0;1;29;1;1;29;1;37,5;39;39;38,5483870967742;1,33762749367227;0;4;0;0;27;31;0;6;25;29;2;0;1;10;4;0;13;1;1;0;0;1;31;0;0;0;0;14;17;27;1;0;3;0;2;25;4;3162,5;3390;3637,5;3343,54838709677;615,858741309492;2;23;6;0;31;9,54838709677419;0,505879411020674;0;31
2016;"MUNICIPIO";431862;54;0;38;0;7;21;14;5;4;3;0;0;54;21;24;29;25,7037037037037;6,36805005440894;0;3;23;20;4;4;46;6;0;2;0;0;0;15;39;51;3;0;0;1;6;42;2;7;42;2;38;39;40;38,4901960784314;2,12011838367208;0;11;8;6;25;54;0;23;31;43;1;0;4;7;6;7;12;1;0;3;0;4;54;0;0;0;0;28;26;46;6;0;2;0;5;48;1;2870;3185;3418,75;3127,96296296296;457,628751363017;1;44;3;0;52;9,25;0,622298081276798;1;53
2016;"MUNICIPIO";431870;2869;0;2825;20;430;650;726;607;354;75;7;0;2849;22;27;32;27,0170791216452;6,72829334630402;8;98;1030;1148;245;339;2536;139;1;186;7;0;0;1216;1653;2808;60;0;21;31;309;2485;23;361;2485;23;38;39;40;38,3656326246079;2,26499738892174;41;650;155;280;1716;1354;1515;1325;1543;2741;111;16;295;709;315;503;582;47;53;56;16;292;2859;0;9;1;0;1472;1397;2536;139;1;186;7;293;2406;170;2890;3230;3566;3184,78354827466;599,038100000542;165;2319;322;43;2819;9,1659678546471;0,97650935682029;10;2855
2016;"MUNICIPIO";431880;449;0;435;1;56;89;108;123;61;11;0;0;448;22;28;33;27,8129175946548;6,48664236657571;2;28;186;169;12;52;388;48;0;12;1;0;0;185;264;434;15;1;2;1;37;404;0;41;404;0;38;39;40;38,4988764044944;1,87037684585234;1;86;17;31;302;47;402;171;278;436;13;0;131;32;103;26;98;2;7;15;0;31;449;0;0;0;0;225;224;388;48;0;12;1;38;374;37;2930;3290;3580;3247,42538975501;574,085090737856;20;351;58;10;439;9,61692650334076;1,02872945060041;4;444
2016;"MUNICIPIO";431890;483;0;469;5;78;111;100;107;68;13;1;0;478;21;27;33;27,111801242236;6,95241125563407;2;17;144;208;31;81;463;1;0;19;0;0;0;191;292;466;17;0;1;10;70;380;21;81;380;21;37;38,5;40;38,1846473029046;2,34656664752384;5;89;46;52;289;75;408;198;285;461;19;3;103;52;83;45;100;7;10;17;3;62;483;0;0;0;0;250;233;463;1;0;19;0;47;412;24;2885;3250;3565;3195,13250517598;566,942318375034;27;374;63;3;478;9,83991683991684;0,656178324139096;5;470
2016;"MUNICIPIO";431900;227;0;227;0;22;57;52;53;31;11;1;0;227;23;28;33;28,136563876652;6,76886629892123;1;3;64;93;17;49;223;1;0;3;0;0;0;94;133;227;0;0;0;0;21;206;0;21;206;0;38;38;39;38,2290748898678;1,40808051378632;2;15;17;7;186;68;159;36;191;220;7;0;8;76;5;34;77;4;3;0;0;20;227;0;0;0;0;110;117;223;1;0;3;0;21;195;11;2875;3200;3465;3163,39207048458;498,873900509348;10;197;20;0;227;9,61674008810573;0,66404628418893;0;227
2016;"MUNICIPIO";431910;67;0;66;2;9;12;14;23;4;3;0;0;65;23;28;31;27,0149253731343;6,72510569324048;0;0;14;34;3;16;59;0;0;8;0;0;0;38;29;67;0;0;0;0;8;59;0;8;59;0;38;38;39;38,1044776119403;1,85157040928823;0;14;4;2;47;67;0;12;55;65;2;0;5;29;1;9;13;1;1;0;0;8;67;0;0;0;0;39;27;59;0;0;8;0;8;59;0;2835;3130;3407,5;3103,88059701493;491,978704958834;4;59;3;0;67;9,3134328358209;0,556203451545865;1;66
2016;"MUNICIPIO";431912;36;0;35;2;6;8;5;9;4;2;0;0;34;20;26;32,25;26,6944444444444;8,2455856395821;1;2;11;14;4;4;33;2;0;1;0;0;0;16;20;36;0;0;0;1;5;30;0;6;30;0;37,75;38;39;37,9722222222222;2,19722046635693;0;7;2;2;24;36;0;9;27;36;0;0;6;7;4;3;10;0;0;0;0;6;36;0;0;0;0;24;12;33;2;0;1;0;2;31;3;3035;3302,5;3536,25;3290,83333333333;588,193967035656;0;31;5;0;36;9,58333333333333;0,554204706893452;0;36
2016;"MUNICIPIO";431915;72;0;69;2;10;18;16;19;4;3;0;0;70;21;26,5;31;26,3611111111111;6,75174584737018;1;3;23;34;1;10;63;0;1;4;4;0;0;32;40;70;2;0;0;3;9;60;0;12;60;0;37;39;39;37,9722222222222;2,61615900700278;1;9;1;4;57;66;6;27;45;66;4;0;2;20;11;3;21;1;1;2;0;9;67;0;1;4;0;40;32;63;0;1;4;4;7;60;5;2812,5;3085;3482,5;3086,55555555556;645,941389415673;3;60;7;2;68;9,38571428571429;1,32197543381829;2;70
2016;"MUNICIPIO";431920;57;0;57;0;8;17;12;9;7;4;0;0;57;21;25;33;27,2982456140351;7,44495253817909;1;7;21;25;2;1;54;0;0;3;0;0;0;20;37;55;2;0;0;0;8;47;2;8;47;2;38;39;40;38,5087719298246;1,99215252407992;1;11;2;9;34;57;0;28;29;56;0;1;10;8;12;5;11;0;0;2;1;8;56;0;0;1;0;24;33;54;0;0;3;0;3;50;4;2850;3200;3550;3206,75438596491;585,837687196162;4;43;8;0;57;9,80701754385965;0,479530890232023;0;57
2016;"MUNICIPIO";431930;49;0;48;0;4;9;13;16;4;3;0;0;49;24;29;33;28,5714285714286;6,40637703126086;0;4;14;20;0;11;38;0;0;11;0;0;0;17;32;49;0;0;0;0;4;44;1;4;44;1;38;39;39;38,5102040816327;1,35588914522894;0;7;4;5;33;10;39;10;39;47;2;0;13;2;9;0;19;1;1;0;0;4;49;0;0;0;0;30;19;38;0;0;11;0;1;45;3;3050;3345;3560;3328,63265306122;425,141579059139;3;41;5;0;49;9,63265306122449;0,566196283361625;0;49
2016;"MUNICIPIO";431935;42;0;41;0;1;10;8;14;5;4;0;0;42;24,5;30,5;34;29,952380952381;6,26236291784102;0;0;11;19;2;10;41;0;0;0;0;0;0;21;21;42;0;0;1;1;2;38;0;4;38;0;38;39;39,75;38,2857142857143;2,79621446441621;0;3;2;0;37;42;0;13;29;41;1;0;4;15;4;4;10;1;0;0;0;4;42;0;0;0;0;24;18;41;0;0;0;0;3;37;2;3076,25;3375;3716,25;3313,40476190476;595,419346364855;1;33;8;0;42;9,54761904761905;0,669997486430704;0;42
2016;"MUNICIPIO";431936;28;0;24;0;4;8;6;5;5;0;0;0;28;21;25;31,25;26,6428571428571;6,71766210276939;0;3;5;11;6;3;26;0;0;0;0;0;0;13;15;28;0;0;0;0;0;28;0;0;28;0;38;38;39;38,25;0,751541625470482;0;0;3;0;25;28;0;2;26;25;1;0;8;3;4;0;10;1;0;0;0;0;28;0;0;0;0;8;20;26;0;0;0;0;1;27;0;2872,5;3087,5;3285;3089,28571428571;370,25695353391;2;24;2;0;28;9,21428571428571;0,417855447018672;0;28
2016;"MUNICIPIO";431937;20;0;20;0;1;4;6;7;2;0;0;0;20;24,75;28,5;32,25;28,5;5,31631055288692;0;0;4;9;1;6;18;0;0;2;0;0;0;14;6;20;0;0;0;0;0;20;0;0;20;0;38;39;39;38,4;0,882579950158088;0;2;2;1;15;20;0;4;16;19;1;0;3;10;2;0;4;1;0;0;0;0;20;0;0;0;0;15;5;18;0;0;2;0;0;17;3;3095;3400;3670;3429,7;470,120600428622;1;14;5;1;19;9,5;0,945905302926917;1;19
2016;"MUNICIPIO";431940;162;0;157;0;21;40;44;29;24;4;0;0;162;22;27;32;26,9567901234568;6,37868029481838;1;5;45;75;18;18;132;7;0;23;0;0;0;73;89;151;11;0;2;3;24;133;0;29;133;0;37;38;39;37,8148148148148;2,36491493214891;2;34;7;4;110;161;1;61;101;152;9;1;22;32;22;20;30;4;1;10;1;20;162;0;0;0;0;79;83;132;7;0;23;0;19;135;8;2835;3157,5;3470;3120,18518518519;594,712219378866;8;126;17;2;160;9,60493827160494;0,948080929869432;3;159
2016;"MUNICIPIO";431950;341;0;306;3;50;77;94;75;36;6;0;0;338;22;27;31;26,7536656891496;6,30343228582851;0;9;131;137;19;41;270;13;0;41;0;0;0;139;202;341;0;0;1;6;31;297;2;38;297;2;38;39;40;38,406528189911;2,06537904250835;0;79;14;15;224;274;67;140;201;325;12;1;41;71;42;49;85;8;4;0;1;33;340;0;1;0;0;156;185;270;13;0;41;0;25;285;31;2960;3280;3630;3254,6568914956;575,703965124195;19;271;47;2;339;9,56011730205279;0,65083113222275;1;338
2016;"MUNICIPIO";431960;218;0;186;3;37;52;44;48;29;5;0;0;215;21;26;32;26,6100917431193;6,84989077855847;1;5;100;93;3;16;138;41;0;29;0;0;0;93;125;214;4;0;2;1;20;177;7;23;177;7;38;39;40;38,463768115942;2,25926169406721;4;29;6;8;159;82;136;74;144;211;6;0;48;33;29;11;58;1;4;4;0;18;218;0;0;0;0;113;105;138;41;0;29;0;16;186;16;2877,5;3200;3521,25;3187,95871559633;603,175798893401;13;164;23;3;215;9,13302752293578;0,888073049458478;0;217
2016;"MUNICIPIO";431970;40;0;37;0;7;9;5;11;8;0;0;0;40;21,5;28,5;34;27,65;7,23081014718374;0;2;14;15;2;7;36;1;0;3;0;0;0;21;19;37;2;0;0;1;6;33;0;7;33;0;38;39;39;38,075;2,25760821928759;0;7;3;5;24;40;0;13;27;38;1;0;5;11;2;4;7;1;0;2;0;6;40;0;0;0;0;22;18;36;1;0;3;0;5;35;0;2610;3067,5;3436,25;2997,175;552,253884735208;4;32;1;1;39;9,25;0,80860754006264;1;39
2016;"MUNICIPIO";431971;18;0;18;0;3;2;4;5;4;0;0;0;18;24,25;28,5;33;28,1111111111111;6,70284302182017;0;0;5;10;1;2;15;0;0;3;0;0;0;9;9;18;0;0;0;0;0;18;0;0;18;0;38;39;39,75;38,9444444444444;1,1617543641469;0;2;0;0;16;18;0;1;17;16;2;0;2;6;1;2;5;1;1;0;0;0;18;0;0;0;0;6;12;15;0;0;3;0;0;18;0;3012,5;3210;3340;3195,83333333333;277,733738339015;1;16;1;0;18;9,44444444444444;0,511309992564914;0;18
2016;"MUNICIPIO";431973;36;0;36;1;8;8;9;7;3;0;0;0;35;20,5;25;30,25;25,1944444444444;6,53701305509938;0;5;19;10;2;0;13;0;0;3;20;0;0;15;21;36;0;0;0;0;8;27;1;8;27;1;37;38;39;37,9722222222222;1,76450901485146;0;9;4;1;22;36;0;6;30;36;0;0;2;10;0;3;13;0;0;0;0;8;36;0;0;0;0;14;22;13;0;0;3;20;4;31;1;2700;2952,5;3235;2966,94444444444;546,0118755613;6;29;1;0;36;9,58333333333333;0,649175301000101;0;36
2016;"MUNICIPIO";431975;20;0;17;0;2;1;7;8;2;0;0;0;20;27;30;32;29,15;5,47025449229982;0;0;6;8;3;3;17;0;0;1;0;0;0;14;6;20;0;0;0;0;3;17;0;3;17;0;37,75;39;39;38;1,62221421130763;0;3;0;1;16;20;0;5;15;19;1;0;7;4;0;2;3;0;1;0;0;3;20;0;0;0;0;15;5;17;0;0;1;0;2;16;2;2947,5;3375;3674,5;3264,05;571,073916775274;1;16;3;0;20;9,45;0,604805318829299;0;18
2016;"MUNICIPIO";431980;99;0;96;2;12;28;14;25;12;6;0;0;97;21,5;27;31,5;27,2525252525253;7,09173625777679;0;4;27;44;8;16;80;6;0;12;1;0;0;48;51;97;2;0;1;2;4;90;2;7;90;2;37;39;39;38,1717171717172;2,48686510322552;1;22;7;1;66;96;3;37;62;90;9;0;17;21;11;13;22;7;1;2;0;5;99;0;0;0;0;46;53;80;6;0;12;1;8;87;4;2845;3195;3532,5;3163,12121212121;546,393617420353;9;78;9;1;98;9,57575757575758;0,757155108942774;1;97
2016;"MUNICIPIO";431990;1148;0;1131;6;147;294;285;264;120;31;1;0;1142;22;27;32;27,0331010452962;6,42295511138979;0;34;384;553;91;86;1043;16;3;84;0;0;0;487;661;1121;27;0;2;4;89;1045;6;95;1045;6;38;39;39;38,4546247818499;1,63106857803403;3;287;46;62;739;181;967;446;702;1104;44;0;115;312;125;191;270;17;20;27;0;69;1146;0;2;0;0;614;534;1043;16;3;84;0;99;983;66;2920;3220;3530;3207,45818815331;526,574082310664;68;939;111;12;1135;9,25196163905841;0,735643920375031;3;1144
2016;"MUNICIPIO";432000;1910;0;1836;6;273;467;532;397;192;39;4;0;1904;22;26;31;26,7507853403141;6,39593628442474;3;48;620;969;130;135;1583;141;3;181;0;0;0;773;1137;1864;46;0;5;19;201;1645;37;225;1645;37;38;39;40;38,4457262716308;2,04553780338972;15;410;98;101;1238;755;1155;855;1055;1830;70;8;208;448;214;306;433;30;33;44;8;181;1907;1;2;0;0;978;932;1583;141;3;181;0;162;1652;96;2920;3239;3541,5;3196,55759162304;557,713029751122;115;1542;195;23;1882;9,18582677165354;0,882312577651516;23;1878
2016;"MUNICIPIO";432010;272;0;244;3;24;61;70;62;51;1;0;0;269;23;28;33;27,8786764705882;6,43646103958772;0;4;73;122;20;51;259;4;0;7;0;0;0;124;148;267;5;0;2;2;41;218;9;45;218;9;37;38;39;37,9595588235294;2,29595757949905;2;17;14;21;202;63;209;94;178;243;18;5;24;69;12;48;54;11;6;5;5;32;271;1;0;0;0;140;132;259;4;0;7;0;34;229;9;2773,75;3087,5;3375;3050,45588235294;551,130543769109;25;223;18;10;262;9,02573529411765;1,29833821255252;1;270
2016;"MUNICIPIO";432020;150;0;145;2;18;28;39;32;23;8;0;0;148;23;28;33,75;28,0733333333333;7,0464391184881;0;6;71;32;12;29;137;4;0;9;0;0;0;52;98;148;2;0;0;1;16;129;3;17;129;3;38;38;39;38,1208053691275;2,07596526450479;0;21;4;10;113;20;130;25;125;143;7;0;7;39;12;24;42;2;5;2;0;16;150;0;0;0;0;63;87;137;4;0;9;0;12;134;4;2830;3080;3337,5;3068,45333333333;511,041187305918;12;120;14;0;149;9,63087248322148;0,585281097729401;1;147
2016;"MUNICIPIO";432023;27;0;27;0;2;12;5;5;2;1;0;0;27;21,5;24;31;26,2222222222222;6,17895518510105;0;0;8;13;4;2;26;0;0;1;0;0;0;12;15;27;0;0;0;0;4;23;0;4;23;0;37,5;39;39,5;38,3333333333333;2;0;6;1;3;17;27;0;7;20;26;1;0;1;9;3;3;6;1;0;0;0;4;27;0;0;0;0;7;20;26;0;0;1;0;1;25;1;2957,5;3200;3480;3150;528,062496301337;1;23;3;0;27;9,11111111111111;0,577350269189626;1;26
2016;"MUNICIPIO";432026;84;0;77;0;13;23;17;20;9;2;0;0;84;21;26;32;26,9047619047619;6,77987640293045;0;7;45;23;0;9;78;4;0;2;0;0;0;32;52;84;0;0;1;1;7;74;1;9;74;1;37;38;39;38,0595238095238;2,50470011420068;0;6;8;13;53;84;0;19;65;77;4;3;9;18;14;10;21;3;1;0;3;5;84;0;0;0;0;49;35;78;4;0;2;0;13;68;3;2728,75;3062,5;3282,5;2977,16666666667;606,245503440452;9;70;5;2;82;9,66666666666667;1,34731623762824;2;82
2016;"MUNICIPIO";432030;57;0;57;1;5;7;15;19;9;1;0;0;56;25;30;33;28,859649122807;6,37640347713804;0;2;18;17;4;16;57;0;0;0;0;0;0;23;34;55;2;0;0;2;4;51;0;6;51;0;38;39;39;38,1578947368421;2,38139720155604;0;4;1;2;50;21;36;10;47;51;5;1;7;14;3;8;14;2;1;2;1;5;57;0;0;0;0;34;23;57;0;0;0;0;5;50;2;2700;3130;3360;3046,40350877193;578,351841122967;5;45;5;1;56;9,66666666666667;0,893095206357669;0;57
2016;"MUNICIPIO";432032;27;0;27;0;3;8;7;3;6;0;0;0;27;23;26;33,5;27,5185185185185;6,53611487971239;0;0;6;15;2;4;22;0;0;5;0;0;0;10;17;27;0;0;0;1;3;23;0;4;23;0;37,5;38;39;37,8518518518519;1,91559799266852;0;4;3;1;19;27;0;6;21;25;2;0;1;8;2;3;8;0;2;0;0;3;27;0;0;0;0;11;16;22;0;0;5;0;2;24;1;2900;3185;3312,5;3131,85185185185;458,801004601518;2;22;3;0;27;9,37037037037037;0,687702314184323;0;27
2016;"MUNICIPIO";432035;51;0;50;0;9;19;10;10;2;1;0;0;51;20;24;29,5;24,9019607843137;6,43818266892385;0;1;23;20;4;3;42;6;1;2;0;0;0;26;25;51;0;0;0;0;5;46;0;5;46;0;38;38;39;38,0980392156863;1,40363673307283;0;10;1;4;36;51;0;22;29;50;1;0;11;12;5;6;11;1;0;0;0;5;51;0;0;0;0;28;23;42;6;1;2;0;5;46;0;2697,5;3150;3435;3063,56862745098;492,052527883028;4;45;2;0;51;9,41176470588235;0,638011617080294;1;50
2016;"MUNICIPIO";432040;213;0;211;0;12;41;53;68;30;9;0;0;213;25;30;33;28,9342723004695;5,88293014056008;0;9;53;101;4;46;191;4;0;18;0;0;0;79;134;209;4;0;1;2;37;162;11;40;162;11;37;38;40;38,2300469483568;2,3043516047991;1;37;10;8;156;54;159;78;135;201;11;1;20;42;22;36;48;3;4;4;1;33;212;0;0;1;0;102;111;191;4;0;18;0;18;188;7;2860;3180;3515;3144,67136150235;498,153794332677;12;173;17;1;212;9,63380281690141;0,763051902702852;3;210
2016;"MUNICIPIO";432045;19;0;18;0;1;6;4;7;1;0;0;0;19;23,5;29;32,5;27,7894736842105;5,34975541879586;0;1;14;3;0;1;18;0;0;1;0;0;0;12;7;16;3;0;0;2;5;11;1;7;11;1;36;38;39,5;37,4210526315789;3,53263813087934;0;0;0;0;19;18;1;11;8;18;0;1;2;4;3;1;1;0;0;3;1;4;19;0;0;0;0;8;11;18;0;0;1;0;4;13;2;2730;2985;3372,5;2974,21052631579;697,274979947523;1;11;3;0;19;9,52631578947368;0,611775290321498;1;17
2016;"MUNICIPIO";432050;54;0;53;0;9;10;12;14;5;4;0;0;54;21,25;28;33;27,7777777777778;6,95447912314171;0;4;13;27;3;7;39;9;0;6;0;0;0;29;25;50;4;0;0;4;8;42;0;12;42;0;37;38;39;37,7037037037037;2,51508377616295;0;7;6;3;37;54;0;9;45;49;4;0;1;19;0;6;14;2;0;4;0;7;54;0;0;0;0;25;29;39;9;0;6;0;10;43;1;2622,5;3087,5;3470;3000,09259259259;643,798786933699;6;39;5;0;54;9,2962962962963;0,690354834374696;0;54
2016;"MUNICIPIO";432055;51;0;47;1;8;12;10;10;10;0;0;0;50;21;26;33;26,7450980392157;7,13538544790652;0;4;22;18;2;4;40;5;1;4;0;0;0;19;32;49;2;0;0;0;5;45;0;5;45;0;38,25;39;40;38,76;1,43654915314018;2;18;5;3;22;49;2;30;21;46;3;0;13;5;7;7;10;1;2;2;0;2;47;0;1;3;0;24;27;41;5;1;4;0;7;35;9;2987,5;3280;3712;3288,50980392157;659,78540064324;4;35;9;1;47;8,70833333333333;1,44337567297406;0;51
2016;"MUNICIPIO";432057;18;0;18;0;1;3;1;10;2;1;0;0;18;29,25;31;32,75;30,2777777777778;5,96859975258318;0;0;4;12;1;1;18;0;0;0;0;0;0;5;13;18;0;0;0;0;0;18;0;0;18;0;38,25;39;39;38,8888888888889;1,02261998512983;0;2;0;0;16;18;0;4;14;17;1;0;1;4;2;3;7;0;1;0;0;0;18;0;0;0;0;10;8;18;0;0;0;0;1;17;0;3006,25;3205;3490;3226,94444444444;403,649305013533;1;16;1;0;18;9,5;0,785905247993376;1;17
2016;"MUNICIPIO";432060;38;0;38;0;3;7;13;10;4;1;0;0;38;24,25;28;33;28,1315789473684;5,94647773388119;0;1;13;18;1;5;33;0;1;3;1;0;0;17;21;38;0;0;0;1;4;32;1;5;32;1;37,25;39;39;38,1842105263158;2,31160717646069;0;6;1;3;28;37;1;16;22;37;1;0;5;10;4;5;8;1;0;0;0;5;38;0;0;0;0;20;18;33;0;1;3;1;6;31;1;2791,25;3125;3318,75;3071,44736842105;580,811301048215;1;34;3;1;37;8,8421052631579;1,53387542729455;1;37
2016;"MUNICIPIO";432065;27;0;27;0;4;5;9;4;2;3;0;0;27;23,5;28;30,5;27,962962962963;6,67648849137768;0;0;5;15;2;5;23;2;0;2;0;0;0;11;16;24;3;0;0;0;6;21;0;6;21;0;37;38;39;37,4814814814815;2,04507608228549;0;6;1;0;20;27;0;6;21;26;0;1;1;9;0;3;8;0;0;2;1;3;27;0;0;0;0;20;7;23;2;0;2;0;3;23;1;2990;3195;3362,5;3144,25925925926;604,616381403092;0;22;2;0;27;9,74074074074074;0,446576084704722;1;26
2016;"MUNICIPIO";432067;88;0;86;1;15;15;22;18;11;6;0;0;87;22;28;32,25;27,4204545454545;7,33707572884345;0;16;40;25;1;6;65;4;0;19;0;0;0;36;52;86;2;0;1;1;7;77;2;9;77;2;38;39;40;38,3863636363636;2,34119440084982;0;18;2;5;62;30;58;33;55;84;4;0;10;21;10;17;18;1;3;2;0;6;88;0;0;0;0;56;32;65;4;0;19;0;9;73;6;2923,75;3365;3668,75;3235,23863636364;647,122188080555;6;71;9;2;85;9,47126436781609;1,15978226163934;0;88
2016;"MUNICIPIO";432070;171;0;160;2;22;39;48;40;16;2;2;0;169;22;27;32;26,7953216374269;6,46339751183082;0;8;65;68;7;23;147;19;0;5;0;0;0;85;86;166;5;0;3;2;20;139;6;25;139;6;38;38;39;38,0117647058824;2,68237339773955;1;22;10;8;124;17;154;38;133;161;8;2;24;44;17;17;34;4;3;5;2;20;170;0;1;0;0;86;85;147;19;0;5;0;21;144;6;2840;3155;3482,5;3073,40935672515;625,829846002275;13;137;13;3;168;9,70760233918129;1,02147562511319;0;171
2016;"MUNICIPIO";432080;391;0;353;4;62;102;83;79;50;11;0;0;387;21;26;32;26,7237851662404;6,93637176974296;2;12;119;177;28;53;359;8;1;23;0;0;0;168;223;385;6;0;3;2;38;341;7;43;341;7;38;39;40;38,4475703324808;2,0906845841248;3;61;30;42;218;136;255;169;222;358;31;2;58;79;72;40;70;18;12;6;2;34;390;0;0;1;0;181;210;359;8;1;23;0;32;337;22;2842,5;3160;3500;3160,99232736573;557,455015954449;27;329;29;5;385;9,55384615384615;0,824386085781352;3;388
2016;"MUNICIPIO";432085;56;0;55;0;12;10;16;10;6;1;1;0;56;20,75;26;31;26,4107142857143;6,85108295544125;0;3;18;27;2;6;48;2;0;6;0;0;0;26;30;56;0;0;0;1;6;49;0;7;49;0;38;39;39,25;38,2142857142857;2,02452495630489;0;9;2;4;40;56;0;17;39;49;7;0;6;12;1;8;16;4;3;0;0;6;56;0;0;0;0;27;29;48;2;0;6;0;9;45;2;2852,5;3097,5;3443,75;3077,5;539,847621598405;7;45;4;0;56;9,55357142857143;0,760852222114192;1;55
2016;"MUNICIPIO";432090;321;0;300;0;27;58;71;95;59;11;0;0;321;24;30;34;29,0809968847352;6,30225507283823;0;9;77;135;16;83;305;1;9;2;1;0;0;144;177;304;17;0;2;9;59;238;13;70;238;13;37;38;39;37,8006230529595;2,61799056732294;2;35;23;22;237;78;243;90;230;272;35;1;39;58;30;16;66;13;20;16;1;49;321;0;0;0;0;166;155;305;1;9;2;1;47;258;16;2770;3115;3430;3041,1214953271;676,542192562856;26;245;32;2;319;9,6386292834891;0,656888967227185;4;316
2016;"MUNICIPIO";432100;139;0;137;1;24;35;34;29;12;4;0;0;138;22;26;31,5;26,3956834532374;6,66552748060678;0;1;44;66;9;19;138;0;0;1;0;0;0;53;86;139;0;0;0;0;14;118;7;14;118;7;38;39;40;38,6762589928058;1,79053804292489;1;3;3;3;128;29;110;34;105;129;10;0;35;9;21;8;43;4;6;0;0;13;138;1;0;0;0;80;59;138;0;0;1;0;6;122;11;2984;3260;3472,5;3267,03597122302;466,162741534805;9;112;16;2;136;9,78260869565217;0,722315118514615;0;139
2016;"MUNICIPIO";432110;182;0;180;3;38;39;41;33;21;7;0;0;179;20;26;32;26,2692307692308;7,15410776886613;0;9;64;84;6;18;129;29;0;24;0;0;0;81;101;178;4;0;2;1;19;158;1;22;158;1;38;39;39;38,2817679558011;2,17642652357552;1;32;12;5;132;180;2;94;88;176;6;0;37;31;24;20;43;3;3;4;0;16;181;0;0;1;0;97;85;129;29;0;24;0;22;157;3;2840;3162,5;3501,25;3089,73626373626;607,437527609543;10;157;10;1;181;9,42307692307692;0,706806204432824;0;182
2016;"MUNICIPIO";432120;686;0;600;7;94;144;161;146;108;26;0;0;679;22;27;33;27,5932944606414;6,96954052402926;2;29;248;246;47;89;554;44;1;84;1;0;0;250;436;666;20;0;2;10;41;627;2;53;627;2;38;39;40;38,5307917888563;1,87879947782532;2;69;37;53;497;264;422;220;466;649;28;2;81;135;82;89;208;10;13;19;2;39;685;1;0;0;0;365;321;554;44;1;84;1;66;581;39;2875;3227,5;3575;3187,62099125364;587,032121452581;58;534;70;10;674;9,37865497076023;0,861515198443699;2;655
2016;"MUNICIPIO";432130;322;0;311;2;38;78;72;69;46;16;1;0;320;22;27;33;27,7267080745342;6,95646236018852;0;10;116;132;25;39;296;7;0;19;0;0;0;126;196;310;12;0;1;5;41;271;4;47;271;4;37;38;39;37,8975155279503;2,27516595021204;1;68;17;32;201;177;145;64;258;307;14;1;41;53;25;18;124;7;7;11;1;35;322;0;0;0;0;175;147;296;7;0;19;0;36;279;7;2821,25;3157,5;3475;3091,94720496894;571,034248069938;17;268;23;3;319;9,43788819875776;0,799645100358255;3;314
2016;"MUNICIPIO";432132;34;0;30;0;3;4;12;9;6;0;0;0;34;27;29;33;28,8235294117647;5,97708040736265;0;4;5;12;2;10;31;0;0;1;0;0;0;16;18;32;2;0;0;3;4;24;2;7;24;2;37;38;39;37,3030303030303;3,2833371788933;0;1;0;3;30;34;0;4;30;32;2;0;1;9;2;4;10;1;0;2;0;4;33;1;0;0;0;19;15;31;0;0;1;0;6;28;0;2677,5;3037,5;3287,5;2854,94117647059;725,830138788912;4;25;1;0;34;9,02941176470588;0,626935505727859;0;34
2016;"MUNICIPIO";432135;37;0;35;1;8;11;8;5;4;0;0;0;36;20;23;29;24,7297297297297;6,69846022376556;0;3;9;23;2;0;30;6;0;1;0;0;0;16;21;37;0;0;0;0;4;33;0;4;33;0;38;39;40;38,6486486486486;1,68681514854039;0;11;3;2;19;36;1;19;17;36;1;0;6;8;8;5;5;1;0;0;0;4;36;1;0;0;0;21;16;30;6;0;1;0;2;34;1;2905;3220;3545;3195,67567567568;464,209546436739;3;31;3;1;36;9,43243243243243;0,867324767461562;0;37
2016;"MUNICIPIO";432140;192;0;192;1;37;36;38;48;25;7;0;0;191;20;27;32,25;27,0677083333333;7,32353296127655;4;13;53;80;11;31;112;0;0;21;59;0;0;74;118;190;2;0;1;2;14;174;1;17;174;1;38;38;39;38,3333333333333;1,96656165602452;0;43;10;19;120;16;176;99;93;188;4;0;28;35;43;17;50;1;3;2;0;13;192;0;0;0;0;101;91;112;0;0;21;59;14;169;9;2981,5;3229,5;3567;3231,77083333333;561,959082171384;10;160;19;2;190;9,61458333333333;0,74313319526097;2;190
2016;"MUNICIPIO";432143;114;0;110;0;17;21;29;29;14;3;1;0;114;22;27;32;27,6228070175439;6,84517833129327;0;5;48;42;6;13;109;2;0;1;0;0;0;42;72;114;0;0;0;0;5;109;0;5;109;0;38,25;39;40;39,1140350877193;1,41270325144174;1;15;11;11;75;114;0;48;66;107;6;1;10;28;23;17;24;1;5;0;1;5;114;0;0;0;0;64;50;109;2;0;1;0;6;95;13;3017,5;3347,5;3637,5;3353,57894736842;558,119026458028;8;91;15;0;114;9,63157894736842;0,613464813810012;1;112
2016;"MUNICIPIO";432145;370;0;369;1;40;80;101;93;46;8;1;0;369;23;27;32,75;27,6648648648649;6,315216544885;0;10;108;172;23;57;337;14;0;19;0;0;0;171;199;370;0;0;4;1;45;312;8;50;312;8;37;38;39;38,0864864864865;2,25311132814126;2;27;4;3;334;64;306;52;318;343;25;1;91;45;53;5;107;12;13;0;1;42;370;0;0;0;0;194;176;337;14;0;19;0;28;320;22;2922,5;3240;3533,75;3198,36756756757;570,557455763572;13;315;40;5;365;9,30540540540541;0,751672370661734;6;364
2016;"MUNICIPIO";432146;39;0;38;0;6;5;12;9;6;1;0;0;39;23,5;27;33;28,025641025641;6,1365478872905;0;0;6;22;3;8;37;0;0;2;0;0;0;18;21;39;0;0;0;0;4;35;0;4;35;0;37,5;38;39;38,1794871794872;1,37404119435288;0;2;0;2;35;39;0;12;27;36;3;0;2;12;2;9;7;2;1;0;0;4;39;0;0;0;0;19;20;37;0;0;2;0;3;36;0;2877,5;3180;3295;3065,51282051282;441,071952108238;4;34;1;0;39;9,28205128205128;0,604749532700063;0;39
2016;"MUNICIPIO";432147;48;0;47;0;8;16;10;11;2;1;0;0;48;20,75;24,5;30;25,375;5,91652931615624;0;4;17;19;4;4;44;0;0;4;0;0;0;26;22;48;0;0;0;0;3;42;3;3;42;3;38;39;40;38,8958333333333;1,70405752741437;0;4;1;3;39;48;0;17;31;47;1;0;8;17;3;6;10;0;1;0;0;3;48;0;0;0;0;22;26;44;0;0;4;0;4;42;2;2886,25;3165;3486,25;3189,35416666667;473,722492137261;5;38;5;0;48;9,14583333333333;0,356673957637416;0;48
2016;"MUNICIPIO";432149;18;0;17;0;1;3;5;3;5;1;0;0;18;25,5;30;36;30,1666666666667;6,90481502925569;0;1;6;8;1;2;17;1;0;0;0;0;0;9;9;18;0;0;0;0;1;17;0;1;17;0;37,25;39;39;38,2222222222222;1,69967317119759;0;3;0;0;15;18;0;5;13;16;1;1;3;3;3;4;2;1;0;0;1;1;18;0;0;0;0;9;9;17;1;0;0;0;1;16;1;3130;3245;3612,5;3324,72222222222;627,927197499421;1;13;4;0;18;9,77777777777778;0,427792631946499;1;17
2016;"MUNICIPIO";432150;590;0;587;2;80;137;131;131;87;21;1;0;588;22;27;33;27,6237288135593;6,86004496866992;0;11;172;274;42;91;555;22;0;11;2;0;0;252;338;572;18;0;0;4;56;518;12;60;518;12;38;39;40;38,5118644067797;1,8127153928114;2;88;72;78;348;77;513;151;439;574;16;0;37;178;27;106;159;5;9;18;0;51;589;0;1;0;0;306;284;555;22;0;11;2;48;508;34;2941,25;3255;3557,25;3233,06949152542;515,58987621931;36;467;69;5;584;9,19185059422751;0,713476783432436;8;582
2016;"MUNICIPIO";432160;813;0;788;8;141;234;172;154;86;14;4;0;805;21;25;31;26;6,7679700589772;2;27;350;338;41;55;711;42;1;56;0;0;0;292;521;805;8;0;6;7;72;722;4;85;722;4;38;39;40;38,462392108508;2,14119009233024;22;166;52;53;509;141;672;445;367;784;23;1;79;175;96;169;186;10;12;8;1;70;810;0;3;0;0;412;401;711;42;1;56;0;73;707;33;2920;3215;3550;3179,88314883149;554,95240542733;44;680;77;10;802;9,37068965517241;0,886550008251554;5;807
2016;"MUNICIPIO";432162;19;0;19;0;0;2;5;5;5;2;0;0;19;26,5;34;35;31,6842105263158;5,31300952148955;0;0;7;6;1;5;19;0;0;0;0;0;0;4;15;17;2;0;0;0;0;19;0;0;19;0;38;38;39;38,3157894736842;0,820069887194403;0;0;0;0;19;19;0;0;19;17;2;0;1;3;1;3;8;0;1;2;0;0;19;0;0;0;0;14;5;19;0;0;0;0;0;18;1;2972,5;3255;3545;3301,84210526316;416,363925104775;0;14;3;0;19;9,26315789473684;0,933458638205125;0;19
2016;"MUNICIPIO";432163;14;0;14;0;1;0;3;5;4;1;0;0;14;29,25;32,5;36;32,2857142857143;6,68440862614777;0;0;4;5;0;5;14;0;0;0;0;0;0;9;5;14;0;0;0;0;0;12;2;0;12;2;37,25;38;39;38,5714285714286;1,65084061171111;0;0;0;2;12;14;0;4;10;14;0;0;4;5;1;1;3;0;0;0;0;0;14;0;0;0;0;6;8;14;0;0;0;0;0;12;2;2975;3122,5;3503,75;3268,92857142857;525,917434918874;1;11;2;0;14;9,07142857142857;0,828741930164745;1;13
2016;"MUNICIPIO";432166;127;0;127;0;10;24;45;28;15;5;0;0;127;24;28;32;28;6,01453266468835;0;3;27;66;9;22;122;4;0;1;0;0;0;54;73;127;0;0;0;0;11;112;4;11;112;4;38;39;40;38,7007874015748;1,74262600887974;1;10;12;15;89;127;0;33;94;123;4;0;6;41;6;19;40;2;2;0;0;11;127;0;0;0;0;65;62;122;4;0;1;0;7;117;3;2925;3300;3560;3236,30708661417;452,28800193617;9;104;12;1;126;9,22834645669291;0,952765201825074;0;127
2016;"MUNICIPIO";432170;313;0;305;0;35;83;80;77;28;10;0;0;313;22;27;32;27,2811501597444;6,25045095448569;0;10;133;122;21;27;277;4;0;32;0;0;0;127;186;307;6;0;1;1;29;279;3;31;279;3;38;39;40;38,5335463258786;1,85698418622214;1;57;8;15;228;276;37;85;228;286;25;2;36;64;35;34;87;9;12;6;2;28;313;0;0;0;0;164;149;277;4;0;32;0;25;265;23;2840;3260;3590;3209,2875399361;601,207305966998;28;242;36;2;311;9,36741214057508;0,785990318972696;2;307
2016;"MUNICIPIO";432180;296;0;291;2;22;63;93;58;46;11;1;0;294;24;28;32,25;28,2736486486486;6,31619775655121;0;5;62;142;20;67;278;1;0;16;1;0;0;148;148;292;4;1;1;3;33;252;6;38;252;6;37;38;39;38,1317567567568;2,17992496099004;2;29;6;19;240;27;269;29;267;285;11;0;12;114;7;40;74;3;7;4;0;35;296;0;0;0;0;145;151;278;1;0;16;1;26;256;14;2860;3192,5;3465;3159,51689189189;536,436092251098;19;237;33;1;295;9,15540540540541;0,70072928439204;3;293
2016;"MUNICIPIO";432183;31;0;29;0;7;5;8;5;3;3;0;0;31;20;27;31;26,9354838709677;8,16061878320089;0;5;13;12;0;1;30;0;0;1;0;0;0;11;20;28;2;0;0;1;2;27;1;3;27;1;37;39;40;38,5483870967742;2,69368037793919;0;6;2;4;19;31;0;10;21;27;2;1;4;5;3;7;4;1;1;2;1;2;31;0;0;0;0;13;18;30;0;0;1;0;6;22;3;2882,5;3300;3617,5;3108,09677419355;839,815628767756;2;22;4;1;30;9,03225806451613;1,07962558225038;1;29
2016;"MUNICIPIO";432185;52;0;46;0;12;11;16;7;3;3;0;0;52;20;26;29,25;25,6346153846154;6,81413998760952;1;4;18;25;2;2;40;0;0;0;11;0;0;19;33;52;0;0;0;0;10;41;1;10;41;1;38;38;39;38,0576923076923;2,10893023284282;0;5;1;1;41;51;1;23;29;47;5;0;2;12;3;7;14;0;5;0;0;9;51;0;1;0;0;30;22;40;0;0;0;11;4;48;0;2877,5;3225;3432,5;3123,11538461538;530,173284799918;4;44;4;0;52;9,36538461538461;0,525015262293417;1;51
2016;"MUNICIPIO";432190;305;0;291;0;31;68;76;83;39;8;0;0;305;24;28;32;28,0229508196721;6,22834124667823;0;7;78;127;30;63;292;1;1;11;0;0;0;142;163;303;2;0;1;3;41;251;9;45;251;9;37;39;40;38,3114754098361;2,10997773440607;0;39;8;8;243;9;296;73;232;296;6;1;27;91;37;32;65;3;3;2;1;42;305;0;0;0;0;150;155;292;1;1;11;0;30;264;11;2875;3210;3465;3143,07213114754;534,66851638334;24;248;29;1;303;8,9671052631579;0,612496521527346;4;301
2016;"MUNICIPIO";432195;93;0;77;0;13;20;23;28;6;3;0;0;93;22;28;32;27,1720430107527;6,37014718264537;0;3;26;42;5;16;87;0;1;5;0;0;0;35;58;93;0;0;0;0;10;82;0;10;82;0;38;38,5;39;38,3695652173913;1,7014369576845;0;8;7;5;69;93;0;45;48;81;3;0;9;16;8;15;24;2;1;0;0;8;93;0;0;0;0;47;46;87;0;1;5;0;8;83;2;2905;3130;3425;3132,58064516129;474,549335928325;8;75;9;2;91;9,10752688172043;1,15591452210866;2;90
2016;"MUNICIPIO";432200;350;0;341;3;66;74;92;79;27;8;1;0;347;21;26;31;26,1628571428571;6,54578697002104;2;8;119;172;19;30;297;26;0;26;0;0;0;137;213;338;12;0;0;2;31;312;2;33;312;2;38;39;40;38,5475504322767;1,66219909517085;2;105;16;24;197;100;250;103;247;341;9;0;18;100;17;58;116;4;2;12;0;20;350;0;0;0;0;163;187;297;26;0;26;0;29;306;15;3007,5;3277,5;3580;3246,01714285714;483,25965748593;17;281;37;0;350;9,65142857142857;0,575214637189888;8;342
2016;"MUNICIPIO";432210;43;0;42;2;4;8;12;9;7;1;0;0;41;22;28;32;27,3488372093023;6,89680298927468;0;1;11;20;2;9;43;0;0;0;0;0;0;21;22;43;0;0;0;1;1;41;0;2;41;0;38;38;40;38,5116279069767;2,01626827654759;0;9;1;2;30;43;0;19;24;42;1;0;3;15;4;10;8;1;0;0;0;2;43;0;0;0;0;18;25;43;0;0;0;0;3;39;1;2815;3285;3465;3178,95348837209;471,982341956237;4;34;5;0;43;9,62790697674419;0,618109861322768;0;43
2016;"MUNICIPIO";432215;40;0;40;1;3;4;12;9;8;3;0;0;39;25;29,5;36,25;29,875;7,07537260049939;0;5;18;11;1;5;37;0;0;3;0;0;0;14;26;40;0;0;1;1;8;29;1;10;29;1;36,75;38;39;37,275;3,01268684918995;0;4;3;2;31;40;0;5;35;36;4;0;0;10;2;6;9;2;2;0;0;9;40;0;0;0;0;20;20;37;0;0;3;0;10;30;0;2508,75;2907,5;3185;2797,625;649,152294860826;7;32;1;0;40;9,625;0,585618235669551;0;40
2016;"MUNICIPIO";432218;9;0;5;0;3;2;3;1;0;0;0;0;9;19;24;28;24;5,1234753829798;0;0;1;2;4;2;9;0;0;0;0;0;0;4;5;9;0;0;0;0;0;8;0;0;8;0;37;38;39;38;0,925820099772551;0;2;0;3;4;9;0;2;7;6;0;0;2;1;1;0;1;0;0;0;0;0;9;0;0;0;0;5;4;9;0;0;0;0;1;8;0;2950;3035;3145;2980,55555555556;259,65655735563;1;7;0;0;9;10;0;0;8
2016;"MUNICIPIO";432220;266;0;260;3;53;63;65;45;30;5;2;0;263;20;26;31;26,0639097744361;7,06624010236572;1;18;108;90;16;33;155;6;0;105;0;0;0;99;167;261;5;0;1;7;54;200;4;62;200;4;37;38;39;37,5112781954887;2,40946730620561;1;75;19;16;150;79;187;74;192;251;13;2;31;41;28;31;64;3;10;5;2;51;266;0;0;0;0;149;117;155;6;0;105;0;32;221;13;2842,5;3100;3410;3079,73684210526;582,853525659223;18;212;31;1;265;9,69924812030075;0,632276061107238;4;262
2016;"MUNICIPIO";432225;65;0;62;0;4;15;13;21;11;1;0;0;65;24;30;33;28,7846153846154;5,80272648117974;0;0;12;38;3;12;59;1;0;4;0;0;0;28;37;63;2;0;1;1;6;56;1;8;56;1;38;39;40;38,3076923076923;2,65708414504437;0;21;1;1;41;65;0;15;50;58;6;0;4;16;7;6;16;3;3;2;0;7;65;0;0;0;0;33;32;59;1;0;4;0;5;58;2;2950;3340;3600;3238,92307692308;553,182195000331;0;53;9;0;65;9,63076923076923;0,546844092533202;1;64
2016;"MUNICIPIO";432230;84;0;84;0;7;19;26;16;13;2;1;0;84;24;27;32,25;28,0714285714286;6,27249823269595;2;2;16;42;5;17;72;0;0;12;0;0;0;47;37;82;2;0;0;0;5;77;2;5;77;2;38;38;39;38,5;1,37534223561274;0;3;5;13;63;23;61;7;77;80;4;0;4;40;3;5;24;2;1;2;0;3;84;0;0;0;0;53;31;72;0;0;12;0;4;75;5;2955;3270;3525;3252,59523809524;439,02147816514;8;67;7;0;84;9,48809523809524;0,611024177129917;0;84
2016;"MUNICIPIO";432232;36;0;28;0;4;5;13;8;5;1;0;0;36;24,5;28;30,75;28,0277777777778;6,61377830684273;0;1;13;17;1;4;29;4;0;1;0;0;0;13;23;33;3;0;0;0;6;28;0;6;28;0;37;38,5;40;38,2058823529412;2,07114975776091;0;2;2;1;23;36;0;17;19;32;4;0;5;2;10;3;7;3;0;3;0;2;36;0;0;0;0;13;23;29;4;0;1;0;4;32;0;2890;3090;3460;3104,16666666667;470,061546122268;0;31;0;0;36;9,66666666666667;0,632455532033676;0;35
2016;"MUNICIPIO";432234;14;0;13;0;1;3;4;4;1;1;0;0;14;24,25;28,5;31,75;28,4285714285714;6,35748239616772;0;1;6;6;0;1;12;1;0;1;0;0;0;5;9;14;0;0;0;0;0;14;0;0;14;0;38;38,5;39;38,3571428571429;0,928782731664065;0;7;0;0;7;14;0;1;13;12;2;0;1;3;0;3;5;1;1;0;0;0;14;0;0;0;0;6;8;12;1;0;1;0;1;13;0;2903,75;3207,5;3571,25;3167,5;466,306064890696;2;11;1;0;13;9,30769230769231;0,630425171956115;0;14
2016;"MUNICIPIO";432235;10;0;10;0;2;2;2;2;2;0;0;0;10;23,25;28;31,75;26,7;7,45430524372773;0;0;3;7;0;0;9;0;0;1;0;0;0;5;5;10;0;0;0;0;0;10;0;0;10;0;37;38;38;38;1,15470053837925;0;2;0;0;8;10;0;4;6;9;1;0;1;3;1;3;1;1;0;0;0;0;10;0;0;0;0;5;5;9;0;0;1;0;1;7;2;3007,5;3225;3650;3293;542,833103060027;0;7;3;0;10;9,5;0,707106781186548;1;9
2016;"MUNICIPIO";432237;21;0;21;1;4;5;6;3;2;0;0;0;20;20;26;29;24,9047619047619;6,26821156235781;0;1;8;11;1;0;17;0;0;4;0;0;0;9;12;21;0;0;0;0;0;21;0;0;21;0;38;39;40;39;1,09544511501033;0;3;2;2;14;21;0;3;18;21;0;0;1;8;6;2;4;0;0;0;0;0;21;0;0;0;0;12;9;17;0;0;4;0;2;16;3;2870;3230;3660;3262,61904761905;595,545168412143;2;15;4;0;21;9,47619047619048;0,601585207518238;0;21
2016;"MUNICIPIO";432240;1780;0;951;17;297;451;387;367;206;53;2;0;1763;21;26;32;26,5775280898876;6,90309952801244;2;54;547;852;101;218;1202;92;2;482;1;0;0;674;1106;1732;48;0;7;16;150;1587;15;173;1587;15;38;39;40;38,4895774647887;2,05416468416264;12;428;169;112;1051;22;1758;733;1047;1706;69;3;313;273;297;240;421;23;32;47;3;126;1777;1;2;0;0;899;881;1202;92;2;482;1;144;1494;142;2940;3275;3605;3246,38539325843;588,954417708541;86;1421;220;22;938;9,284375;1,04305920128875;5;1772
2016;"MUNICIPIO";432250;953;0;697;4;179;249;199;195;100;26;1;0;949;21;25;31;26,1511017838405;6,77739084168323;2;35;332;396;67;121;801;34;0;116;2;0;0;389;564;920;33;0;11;19;85;724;48;115;724;48;38;39;40;38,3032694475761;2,81871777330675;0;165;51;74;553;55;898;426;527;787;43;8;117;145;64;149;164;18;20;27;8;79;953;0;0;0;0;503;450;801;34;0;116;2;93;823;37;2850;3140;3450;3107,16054564533;586,763040762405;60;693;82;10;924;9,09207708779443;0,74661176095522;2;950
2016;"MUNICIPIO";432252;37;0;35;0;5;7;10;10;1;4;0;0;37;22;28;32;27,7837837837838;6,92072224528599;0;2;15;15;1;4;32;4;0;1;0;0;0;9;28;35;2;0;0;0;3;34;0;3;34;0;38;39;40;38,7837837837838;1,43633668165339;0;1;3;3;30;37;0;11;26;35;2;0;1;7;3;6;17;0;0;2;0;1;37;0;0;0;0;16;21;32;4;0;1;0;3;32;2;2830;3265;3400;3163,10810810811;506,381980534665;1;31;3;0;37;9,37837837837838;0,681149002762218;0;36
2016;"MUNICIPIO";432253;80;0;76;1;11;15;20;21;8;4;0;0;79;21,75;28;32;27,425;6,90216440094855;0;8;41;21;4;6;73;3;0;4;0;0;0;45;35;79;1;0;0;0;9;70;1;9;70;1;38;39;40;38,525;1,77161158128319;0;16;0;2;58;59;21;32;48;75;5;0;11;28;7;13;8;3;2;1;0;7;80;0;0;0;0;38;42;73;3;0;4;0;5;72;3;3001,25;3365;3600;3285,55;495,734614077872;3;65;10;1;79;9,325;0,759330151173396;1;79
2016;"MUNICIPIO";432254;62;0;61;0;5;12;16;16;10;3;0;0;62;24;28,5;34;28,6612903225806;6,36059474584637;0;1;21;24;3;13;55;0;0;6;0;0;0;25;37;62;0;0;0;0;8;54;0;8;54;0;37;38;39;37,8709677419355;1,33654645455063;1;13;0;2;46;62;0;4;58;61;1;0;4;15;3;8;23;1;0;0;0;8;62;0;0;0;0;38;24;55;0;0;6;0;3;57;2;2982,5;3250;3515;3227,09677419355;450,43016633383;1;56;5;0;62;9,56451612903226;0,561641847897181;1;61
2016;"MUNICIPIO";432255;22;0;21;0;3;4;6;4;5;0;0;0;22;23,25;28;32,5;27,6818181818182;6,41713749888949;0;0;6;9;1;6;21;0;0;1;0;0;0;9;13;22;0;0;0;0;1;21;0;1;21;0;38;38;39;38,1818181818182;1,65144564768954;0;4;1;2;15;22;0;4;18;19;2;0;4;4;2;6;3;1;1;0;0;0;22;0;0;0;0;18;4;21;0;0;1;0;1;21;0;2742,5;3097,5;3357,5;3078,86363636364;458,215825156926;2;19;1;1;21;9,22727272727273;1,1925090867905;0;22
2016;"MUNICIPIO";432260;792;0;766;4;74;188;219;196;89;21;1;0;788;23;28;32;27,6060606060606;6,26077739899859;0;31;245;335;63;118;709;48;0;33;0;0;0;303;489;773;19;0;5;9;82;693;2;96;693;2;38;39;39;38,2149178255373;2,18031003766148;1;76;36;33;638;64;728;218;572;746;45;0;65;197;63;120;213;14;27;19;0;72;791;1;0;0;0;406;386;709;48;0;33;0;88;663;41;2848,75;3208;3511,25;3144,26136363636;614,21317277907;56;638;78;7;785;9,43181818181818;0,841645325766474;2;775
2016;"MUNICIPIO";432270;289;0;264;0;27;66;74;79;37;6;0;0;289;23;28;32;27,9204152249135;6,21913756474415;0;9;107;107;19;46;240;33;1;13;0;0;0;131;158;278;11;0;5;5;28;240;11;38;240;11;38;39;39;38,0899653979239;2,78616429112353;0;42;8;17;209;121;168;63;226;273;14;2;33;74;23;36;71;8;3;10;2;29;289;0;0;0;0;144;145;240;33;1;13;0;29;238;22;2900;3260;3610;3197,81314878893;675,910989964127;12;218;40;2;286;9,24652777777778;0,790837177764436;4;277
2016;"MUNICIPIO";432280;245;0;245;0;16;40;53;76;45;15;0;0;245;25;30;34;29,8;6,23619787486143;0;2;44;105;23;71;211;2;0;32;0;0;0;113;132;237;8;0;1;1;23;219;1;25;219;1;38;39;39;38,3673469387755;1,84761562728544;1;52;6;8;178;46;199;75;170;230;15;0;23;73;15;32;65;7;5;8;0;17;245;0;0;0;0;118;127;211;2;0;32;0;21;216;8;2880;3190;3480;3149,79591836735;514,185213313091;13;207;17;1;244;9,16734693877551;0,689912014793607;3;242
2016;"MUNICIPIO";432285;15;0;15;0;1;3;2;4;2;3;0;0;15;25,5;30;35;30,9333333333333;7,43991807430572;0;1;2;8;2;2;15;0;0;0;0;0;0;5;10;15;0;0;0;0;3;12;0;3;12;0;37,5;39;39,5;38,5333333333333;2,03071650503204;0;3;0;0;12;15;0;5;10;12;3;0;1;2;3;1;2;2;1;0;0;3;15;0;0;0;0;9;6;15;0;0;0;0;1;14;0;3090,5;3465;3785;3379,06666666667;498,669152654868;0;13;2;0;15;9,66666666666667;0,617213399848368;0;15
2016;"MUNICIPIO";432290;41;0;40;0;7;14;6;7;6;1;0;0;41;20;24;31;26,3414634146341;6,99860613300092;0;1;14;18;2;6;34;1;0;6;0;0;0;25;16;39;2;0;0;2;8;29;1;10;29;1;37,5;38,5;40;37,775;3,08418214234819;0;6;2;1;31;39;2;16;25;40;1;0;7;9;3;5;5;1;0;2;0;8;41;0;0;0;0;24;17;34;1;0;6;0;5;35;1;2915;3250;3510;3154;678,298238240378;0;35;3;1;40;9,07317073170732;1,0097089655549;1;40
2016;"MUNICIPIO";432300;3363;0;3278;26;557;907;753;627;387;98;8;0;3337;21;26;32;26,4264049955397;6,81925518629235;11;85;1226;1610;184;246;2407;496;0;444;16;0;0;1214;2149;3286;77;1;17;36;298;2930;61;352;2930;61;38;39;40;38,5689500448699;2,19268252992469;121;1128;326;230;1520;2480;883;1920;1442;3201;152;6;435;594;709;461;654;51;75;74;6;282;3334;2;17;10;0;1716;1647;2407;496;0;444;16;274;2879;210;2924;3240;3553;3212,83586083854;562,871210686869;182;2708;352;50;3293;9,20281184564762;0,88346970628216;32;3327
2016;"MUNICIPIO";432310;66;0;58;3;12;17;15;12;5;2;0;0;63;20,25;25;30;25,3484848484848;7,02849677383201;0;7;33;18;3;5;53;0;0;1;4;0;0;30;36;64;2;0;2;0;3;58;3;5;58;3;37;38;39;38,1666666666667;2,48430973749146;0;16;2;9;39;66;0;12;54;59;7;0;6;21;5;3;22;3;2;2;0;2;66;0;0;0;0;31;35;53;0;0;1;4;10;54;2;2918,75;3205;3492,5;3132,30303030303;591,532819030927;4;53;5;2;64;9;0,9114654303753;1;65
2016;"MUNICIPIO";432320;20;0;20;0;4;3;5;5;3;0;0;0;20;21,5;28;30,25;26,45;6,25320970214076;0;0;1;18;0;1;19;0;0;1;0;0;0;13;7;20;0;0;0;0;1;19;0;1;19;0;37;38,5;39;38,2;1,67332005306815;0;2;0;0;18;20;0;4;16;20;0;0;4;9;1;2;3;0;0;0;0;1;20;0;0;0;0;11;9;19;0;0;1;0;1;19;0;3011,25;3137,5;3467,5;3166,25;380,9575021194;1;19;0;0;20;9,5;0,760885910252682;0;20
2016;"MUNICIPIO";432330;36;0;36;0;1;6;10;13;5;1;0;0;36;26;30;33,25;29,5;5,66442532704901;0;0;13;13;3;7;31;1;0;4;0;0;0;17;19;34;2;0;0;0;4;32;0;4;32;0;37;39;39;38,1666666666667;1,59463385855724;0;2;3;1;30;36;0;8;28;35;1;0;1;15;2;4;9;1;0;2;0;2;36;0;0;0;0;12;24;31;1;0;4;0;5;30;1;2775;2980;3371,25;3047,22222222222;487,754980123136;1;30;3;1;35;9,02777777777778;0,844684594089453;0;36
2016;"MUNICIPIO";432335;18;0;17;0;2;4;1;6;5;0;0;0;18;23;31,5;34,75;29,6111111111111;7,13845335768675;0;1;5;7;0;5;18;0;0;0;0;0;0;4;14;18;0;0;0;0;3;15;0;3;15;0;37;38;39;37,9444444444444;1,89340099299156;0;3;1;1;12;18;0;5;13;17;1;0;1;1;2;3;7;0;1;0;0;3;18;0;0;0;0;11;7;18;0;0;0;0;2;16;0;2862,5;3035;3358,75;3074,44444444444;453,589892799292;0;18;0;0;18;9,55555555555556;0,511309992564914;0;18
2016;"MUNICIPIO";432340;34;0;34;0;2;3;11;11;7;0;0;0;34;27,25;30;34;29,6470588235294;5,25635173020094;0;1;4;18;2;9;33;1;0;0;0;0;0;15;19;34;0;0;0;0;4;30;0;4;30;0;37;38;39;38,1470588235294;1,23416891288261;1;0;1;2;30;34;0;5;29;27;7;0;1;12;2;4;4;1;6;0;0;4;34;0;0;0;0;15;19;33;1;0;0;0;3;29;2;2965;3125;3440;3154,85294117647;460,974733571253;2;30;2;0;34;9,44117647058824;0,823561242063752;0;34
2016;"MUNICIPIO";432345;20;0;19;0;5;7;3;4;1;0;0;0;20;20,5;21,5;29,75;24,5;6,32871484418024;0;1;11;6;0;2;15;2;0;2;0;0;0;7;13;20;0;0;0;0;3;16;1;3;16;1;37,75;39;39,25;38,4;1,93036674999174;0;7;2;3;8;20;0;9;11;20;0;0;2;4;5;1;5;0;0;0;0;3;20;0;0;0;0;10;10;15;2;0;2;0;1;19;0;2896,25;3165;3505;3186,25;383,858098095747;0;19;1;0;20;9,2;0,410391340834062;0;20
2016;"MUNICIPIO";432350;23;0;23;0;3;1;4;9;5;1;0;0;23;25,5;31;34,5;29,9565217391304;6,85882484547241;0;0;4;8;0;11;19;0;0;4;0;0;0;6;17;23;0;0;1;0;1;21;0;2;21;0;38;38;39;37,8260869565217;2,53434900934851;0;3;1;2;17;23;0;3;20;22;1;0;1;3;1;5;11;1;0;0;0;1;23;0;0;0;0;16;7;19;0;0;4;0;1;22;0;2990;3220;3340;3121,47826086957;560,79544719696;0;22;1;2;21;9,04347826086956;1,22393779066381;0;23
2016;"MUNICIPIO";432360;10;0;9;0;0;2;2;3;3;0;0;0;10;27;31,5;34,5;30;5,57773351022717;0;0;1;6;1;2;10;0;0;0;0;0;0;5;5;10;0;0;0;0;0;10;0;0;10;0;38;38;39,5;38,5;1,08012344973464;0;1;0;0;8;10;0;0;10;10;0;0;0;5;0;1;4;0;0;0;0;0;10;0;0;0;0;5;5;10;0;0;0;0;0;10;0;3067,5;3190;3317,5;3167,5;220,998366007031;0;10;0;0;10;9,6;0,516397779494322;0;10
2016;"MUNICIPIO";432370;19;0;17;0;1;5;5;6;2;0;0;0;19;22;29;32,5;27,4736842105263;5,64080787213076;0;2;1;11;1;4;14;0;0;3;0;0;0;9;10;19;0;0;0;0;3;16;0;3;16;0;37;38;39;37,8947368421053;1,28645666861885;0;0;1;3;15;19;0;5;14;19;0;0;3;3;5;1;4;0;0;0;0;3;19;0;0;0;0;11;8;14;0;0;3;0;5;13;1;2580;2935;3650;3047,31578947368;650,492723730044;3;12;4;2;17;8,89473684210526;1,66315419349651;0;19
2016;"MUNICIPIO";432375;23;0;23;0;6;5;5;4;2;1;0;0;23;19,5;26;30;25,7391304347826;6,90334168951628;0;2;5;13;1;2;19;0;4;0;0;0;0;13;10;23;0;0;1;1;1;20;0;3;20;0;37,5;39;39,5;37,6521739130435;3,49816439725145;2;3;3;2;13;23;0;15;8;23;0;0;5;6;3;3;3;0;0;0;0;3;23;0;0;0;0;14;9;19;0;4;0;0;2;20;1;2970;3140;3537,5;3091,73913043478;745,051262262678;1;19;3;2;21;9,34782608695652;1,64063999851981;0;23
2016;"MUNICIPIO";432377;43;0;43;0;1;14;9;13;5;1;0;0;43;23,5;29;32,5;28,0697674418605;5,64166198425863;0;1;9;24;1;8;38;2;0;3;0;0;0;19;24;43;0;0;0;0;6;37;0;6;37;0;37;38;39;38,0232558139535;1,77935745616518;0;3;1;1;38;43;0;4;39;41;2;0;10;7;6;3;11;1;1;0;0;4;43;0;0;0;0;27;16;38;2;0;3;0;6;37;0;2825;3170;3490;3125,58139534884;513,654285838161;1;38;4;0;43;9,34883720930233;0,650410893213724;0;43
2016;"MUNICIPIO";432380;238;0;229;1;32;61;65;53;24;2;0;0;237;21;26,5;31;26,4789915966387;6,1532451586989;0;8;87;100;20;21;219;8;0;10;0;0;0;77;161;233;5;0;1;5;17;213;1;23;213;1;38;39;40;38,6329113924051;2,19307779540346;0;31;38;31;135;237;1;98;139;231;7;0;41;32;42;36;57;1;6;5;0;17;237;0;0;1;0;129;109;219;8;0;10;0;16;200;22;2982,5;3332,5;3642,5;3262,59663865546;634,987096707039;12;189;31;1;236;9,65400843881856;0,842787676538459;2;236
